"AUTHORITIES","DELETECODE","DELETEDATE","DELETEUSER","EXPIRATIONDATE","FAMILYNAME","FKROLEID","GIVENNAME","ID","ISINVALID","ISNOTLOCKED","LOGINID","LOGINPASSWORD","MODIFYDATE","MODIFYUSER","REGISTERDATE","REGISTERUSER","VALIDSTARTDATE"
"user:read","","2022-08-26 13:33:42.494","25","2022-08-24 18:59:04.495","WILL","0","SMITH","32","true","true","jhon@mail.com","$2a$10$fyJ/L.Xt.JqoH1ruVZa61eNSpsHh5q3IoCeV1L5DZvsAw4GbFZ2qi","2022-08-24 18:59:04.495","0","2022-08-24 17:56:09.796","0","2022-08-24 18:59:04.495"
"user:read","","","","2022-09-09 07:55:12.842","Dickinson","34","Blaine Volkman","212","true","false","antonio.gerhold@hotmail.com","481305","","","2022-08-26 00:36:45.381","7","2022-08-26 10:21:23.065"
"user:read","","","","2022-10-10 22:39:06.399","Trantow","29","Delphia Fisher","213","true","true","timothy.leannon@yahoo.com","482707","","","2022-08-02 22:17:18.289","38","2022-08-14 04:23:18.355"
"user:read","","","","2022-08-27 05:49:47.327","Kling","7","King Homenick III","214","true","true","timika.okon@gmail.com","181455","","","2022-08-26 04:14:01.583","48","2022-08-20 17:08:39.364"
"user:read","","","","2022-08-29 17:39:38.563","Mills","15","Ms. Margaret Deckow","215","false","true","donnie.schultz@yahoo.com","32380","","","2022-08-18 20:39:28.512","14","2022-07-21 07:12:53.522"
"user:read","","","","2022-09-23 00:53:18.411","Stiedemann","21","Scott Hickle DDS","216","false","false","hugh.sporer@yahoo.com","434158","","","2022-08-19 17:03:02.034","14","2022-07-28 22:45:16.641"
"user:read","","","","2022-10-01 16:32:48.22","Cummerata","27","Keeley Herman","217","false","true","reid.schulist@yahoo.com","370181","","","2022-08-25 13:02:38.219","47","2022-08-21 06:04:59.73"
"user:read","","","","2022-09-02 17:27:17.814","Stark","20","Dede Volkman MD","218","true","false","clarence.russel@gmail.com","464293","","","2022-08-09 13:49:42.793","19","2022-08-09 21:17:33.763"
"user:read","","","","2022-08-28 12:51:55.33","Hoppe","46","Adan Barrows","219","true","false","leonor.collins@hotmail.com","161508","","","2022-08-18 08:42:14.769","43","2022-08-03 17:14:35.918"
"user:read","","","","2022-08-29 03:41:29.801","Lueilwitz","35","Bethany Crist","220","false","true","rashad.mclaughlin@gmail.com","204534","","","2022-08-24 03:01:12.745","45","2022-08-20 07:14:52.296"
"user:read","","","","2022-08-27 10:41:31.623","Nader","21","Miss Jenifer Kovacek","221","false","true","allen.yundt@yahoo.com","150786","","","2022-08-16 07:53:43.163","45","2022-08-21 07:09:05.122"
"user:read","","","","2022-09-24 06:30:09.372","Nader","31","Marina Jast","222","false","true","paul.lindgren@hotmail.com","478192","","","2022-08-13 05:09:30.786","22","2022-08-08 20:38:29.028"
"user:read","","","","2022-08-29 12:34:20.683","Sawayn","32","Christel Leuschke","223","false","false","cathey.senger@hotmail.com","365916","","","2022-08-22 15:19:58.524","48","2022-08-05 09:37:58.391"
"user:read","","","","2022-10-18 16:11:40.65","Torp","48","Petrina Ferry","224","false","false","abraham.dicki@gmail.com","90398","","","2022-08-16 10:37:27.426","50","2022-08-20 18:04:02.791"
"user:read","","","","2022-09-21 13:20:55.94","Zboncak","8","Dr. Vernon Hermann","225","false","false","shanti.spinka@hotmail.com","98898","","","2022-08-20 22:16:05.194","43","2022-08-18 02:33:57.525"
"user:read","","","","2022-09-08 12:49:39.664","Funk","9","Mr. Jack Koch","226","false","false","evie.deckow@hotmail.com","293079","","","2022-08-24 09:34:50.846","35","2022-08-14 03:42:47.703"
"user:read","","","","2022-09-14 12:34:21.419","Kemmer","39","Booker Boyer","227","true","false","xavier.bernhard@yahoo.com","280888","","","2022-07-28 23:09:00.307","38","2022-07-31 00:34:21.248"
"user:read","","","","2022-09-12 18:05:59.048","Crooks","16","Betsey Williamson","228","false","false","rey.mclaughlin@yahoo.com","18892","","","2022-08-05 17:58:41.329","14","2022-08-12 13:44:07.274"
"user:read","","","","2022-09-26 15:47:45.17","Douglas","1","Dyan Medhurst","229","false","false","norberto.halvorson@yahoo.com","192085","","","2022-08-22 00:01:16.513","26","2022-08-26 07:21:19.051"
"user:read","","","","2022-09-22 04:14:53.296","Balistreri","8","Son Cronin","230","false","false","lester.robel@gmail.com","83263","","","2022-08-13 21:38:07.969","13","2022-08-10 23:36:41.191"
"user:read","","","","2022-10-17 11:23:20.025","Toy","5","Bernie Walter","231","true","true","reggie.hermiston@yahoo.com","4716","","","2022-08-24 03:59:16.911","11","2022-08-19 23:50:14.314"
"user:read","","","","2022-09-02 06:52:34.452","Aufderhar","26","Randolph Gulgowski","232","true","false","merrill.hyatt@gmail.com","304516","","","2022-08-14 12:13:25.149","23","2022-08-25 18:51:14.762"
"user:read","","","","2022-08-28 07:55:49.424","Casper","14","Miss Brock Beahan","233","false","true","joan.lebsack@gmail.com","310736","","","2022-08-12 09:18:10.478","39","2022-08-25 14:45:35.024"
"user:read","","","","2022-08-27 08:57:42.505","Powlowski","29","Ora Homenick IV","234","true","true","micheal.barrows@yahoo.com","396950","","","2022-08-25 20:43:18.833","48","2022-07-26 23:28:35.151"
"user:read","","","","2022-09-21 03:28:02.028","Rowe","46","Davis Kohler","235","true","true","dominic.schaden@gmail.com","467216","","","2022-08-01 18:05:34.564","27","2022-08-10 18:54:36.41"
"user:read","","","","2022-08-31 04:33:50.084","Hintz","29","Weston Marquardt","236","false","false","demetrius.howell@gmail.com","458581","","","2022-08-19 07:46:51.487","1","2022-08-06 06:11:08.299"
"user:read","","","","2022-09-16 03:29:54.134","Rath","5","Wilfredo Cole","237","true","false","rae.turner@hotmail.com","219076","","","2022-08-05 01:06:29.552","9","2022-07-30 19:49:35.495"
"user:read","","","","2022-10-05 09:34:08.771","Moore","4","Angel Wehner","238","false","true","coleman.runte@gmail.com","453885","","","2022-08-22 07:58:17.694","45","2022-08-22 02:36:28.774"
"user:read","","","","2022-08-27 13:45:26.489","Upton","25","Chia Lockman","239","true","true","hank.schulist@hotmail.com","239165","","","2022-08-19 13:10:48.813","17","2022-08-21 11:31:13.536"
"user:read","","","","2022-09-22 03:54:12.742","Auer","33","Miss Erika Boyer","240","true","true","manual.predovic@yahoo.com","310640","","","2022-08-21 21:18:33.444","32","2022-08-13 02:17:13.009"
"user:read","","","","2022-10-04 14:39:15.547","Heathcote","18","Ayako Altenwerth DDS","241","true","false","cristina.smith@gmail.com","285791","","","2022-08-19 11:46:14.766","23","2022-08-03 03:59:01.726"
"user:read","","","","2022-09-22 09:46:22.207","Hintz","46","Kristofer Kutch","242","false","false","hershel.wuckert@yahoo.com","434534","","","2022-08-15 17:38:10.145","23","2022-07-31 22:27:41.567"
"user:read","","","","2022-09-19 03:35:30.154","Hudson","30","Frida Langworth","243","false","true","eloise.boyle@hotmail.com","17749","","","2022-07-30 10:11:04.828","12","2022-08-18 16:13:12.077"
"user:read","","","","2022-10-15 20:38:00.953","Spencer","42","Dr. Frankie VonRueden","244","false","true","tracey.pollich@yahoo.com","389250","","","2022-07-21 12:24:52.858","43","2022-08-25 22:17:11.887"
"user:read","","","","2022-09-30 12:40:09.831","Hettinger","23","Mrs. Rae Morar","245","true","false","hong.williamson@yahoo.com","251998","","","2022-07-26 01:22:36.508","5","2022-08-07 03:33:51.978"
"user:read","","","","2022-09-02 09:57:37.136","Rath","6","Dr. Gary Dicki","246","true","true","minerva.mills@gmail.com","2347","","","2022-07-30 01:05:45.206","40","2022-08-24 23:24:35.153"
"user:read","","","","2022-09-10 16:57:42.293","Will","10","Artie Bergstrom","247","true","true","sylvester.oreilly@hotmail.com","281685","","","2022-08-22 13:56:55.626","47","2022-08-24 06:34:11.972"
"user:read","","","","2022-08-31 10:28:13.962","Weissnat","10","Shonta Johns","248","true","false","drew.hyatt@yahoo.com","357185","","","2022-08-05 08:08:16.204","16","2022-08-11 03:51:41.671"
"user:read","","","","2022-10-22 12:27:42.843","Gerlach","29","Ms. Cecile Rogahn","249","false","false","cole.prosacco@hotmail.com","462300","","","2022-08-24 03:54:17.615","39","2022-08-19 01:27:28.954"
"user:read","","","","2022-09-04 21:58:28.519","Wisozk","10","Mr. Palmira Braun","250","false","true","hester.runte@gmail.com","200908","","","2022-07-25 06:46:59.947","41","2022-08-16 15:17:54.318"
"user:read","","","","2022-10-30 18:12:58.352","Gorczany","5","Teisha Farrell","251","true","false","vincent.streich@hotmail.com","127437","","","2022-08-23 19:25:00.46","49","2022-08-23 22:35:27.848"
"user:read","","","","2022-08-30 19:43:14.216","Hand","37","Geraldine Goodwin III","252","false","true","curtis.kautzer@yahoo.com","491930","","","2022-08-01 21:58:37.622","30","2022-07-09 07:14:08.526"
"user:read","","","","2022-10-15 19:32:28.639","Herman","10","Raguel Windler","253","true","true","daphine.bernier@yahoo.com","232592","","","2022-08-11 01:10:01.773","13","2022-08-23 04:32:10.902"
"user:read","","","","2022-10-02 00:12:14.213","Denesik","13","Mrs. Erin Ziemann","254","false","false","noah.zieme@gmail.com","313102","","","2022-08-21 15:58:50.084","13","2022-08-10 06:25:25.629"
"user:read","","","","2022-10-11 01:54:27.124","Kunze","31","Ms. Neal Schuppe","255","true","false","ivory.halvorson@gmail.com","179653","","","2022-07-18 18:58:00.245","32","2022-08-09 05:06:41.781"
"user:read","","","","2022-09-11 21:00:43.395","Beer","30","Quentin Walsh I","256","true","true","gary.carroll@hotmail.com","277288","","","2022-08-26 03:03:17.091","2","2022-08-20 13:23:28.634"
"user:read","","","","2022-11-15 17:35:37.816","Lynch","18","See D'Amore","257","false","false","lyman.mann@hotmail.com","5104","","","2022-08-25 15:33:24.196","4","2022-08-08 12:51:15.589"
"user:read","","","","2022-09-15 01:49:22.928","Ankunding","26","Lajuana Turcotte","258","true","false","carey.davis@hotmail.com","245088","","","2022-08-25 16:00:38.439","4","2022-08-15 00:23:28.782"
"user:read","","","","2022-09-30 03:40:56.375","Ondricka","2","Lesley Wehner","259","false","true","thanh.rutherford@gmail.com","262534","","","2022-08-21 04:41:58.704","2","2022-08-13 12:40:05.937"
"user:read","","","","2022-09-25 08:30:24.066","Zulauf","20","Miss Herbert Cruickshank","260","false","true","kandis.dickinson@yahoo.com","278584","","","2022-08-07 17:23:28.799","27","2022-07-29 15:41:52.973"
"user:read","","","","2022-09-02 11:02:24.751","Pfeffer","2","Luke Schaden","261","false","false","gaston.wiza@gmail.com","28653","","","2022-08-16 11:26:05.596","24","2022-08-19 00:42:42.987"
"user:read","","","","2022-09-13 12:34:41.609","Champlin","29","Jonah Thiel","262","true","true","carlotta.hamill@hotmail.com","435810","","","2022-08-20 22:46:16.446","50","2022-08-24 02:56:24.925"
"user:read","","","","2022-08-28 06:40:00.775","Bogan","49","Tena Jacobson II","263","false","false","aron.predovic@yahoo.com","245565","","","2022-08-22 11:25:56.519","47","2022-08-21 04:58:08.088"
"user:read","","","","2022-09-26 14:55:35.372","Reynolds","43","Charleen Reichel II","264","true","false","pamula.kshlerin@hotmail.com","422853","","","2022-08-12 04:13:53.487","8","2022-07-21 22:18:01.063"
"user:read","","","","2022-09-22 20:10:34.622","Koss","12","Douglass McLaughlin PhD","265","false","false","hillary.hermiston@yahoo.com","89157","","","2022-07-24 13:23:38.927","6","2022-08-19 09:15:57.697"
"user:read","","","","2022-08-29 22:55:22.244","Abernathy","6","Yolanda Buckridge","266","true","true","syreeta.wiegand@hotmail.com","293668","","","2022-08-10 15:14:28.762","30","2022-07-25 12:47:31.404"
"user:read","","","","2022-08-26 20:11:11.932","Kreiger","38","Miss Ralph Oberbrunner","267","false","false","edwin.ferry@gmail.com","414861","","","2022-07-09 21:00:50.944","1","2022-07-24 22:46:52.212"
"user:read","","","","2022-08-29 15:05:04.554","Kulas","37","Barrett Monahan","268","true","false","ramiro.kunze@hotmail.com","14963","","","2022-08-26 09:55:11.748","5","2022-08-17 23:26:46.259"
"user:read","","","","2022-09-28 16:38:48.427","McCullough","29","Margarita Heathcote","269","false","false","flavia.shields@hotmail.com","41071","","","2022-08-11 19:11:08.536","30","2022-08-12 03:28:50.415"
"user:read","","","","2022-09-30 05:28:15.463","Sipes","23","Cyrstal Weber","270","true","true","michaela.mertz@gmail.com","238252","","","2022-07-22 21:40:47.583","41","2022-08-07 23:58:07.675"
"user:read","","","","2022-09-05 01:05:52.446","Leannon","43","Ali Kohler","271","true","true","dot.hamill@hotmail.com","448371","","","2022-08-23 06:41:37.443","5","2022-08-26 04:27:55.722"
"user:read","","","","2022-09-08 09:11:44.009","Stroman","43","Lamar Wisoky","272","true","true","noah.dubuque@hotmail.com","42813","","","2022-08-18 09:13:16.462","5","2022-08-14 21:49:45.457"
"user:read","","","","2022-11-16 03:48:57.725","Medhurst","21","Mathilde Murphy PhD","273","false","true","woodrow.kassulke@yahoo.com","372896","","","2022-08-18 21:06:50.32","26","2022-08-19 19:55:01.156"
"user:read","","","","2022-09-29 06:34:09.531","Olson","21","Mr. Kirby Bode","274","false","true","jonathan.torphy@gmail.com","341897","","","2022-08-19 16:14:55.607","37","2022-08-22 15:11:34.502"
"user:read","","","","2022-09-10 20:45:49.213","Littel","39","Donnette Jast","275","false","true","herman.feest@yahoo.com","216682","","","2022-08-24 22:59:25.649","2","2022-08-25 03:10:21.448"
"user:read","","","","2022-10-14 12:11:39.635","Medhurst","35","Rebbecca Koss","276","true","false","tillie.bednar@hotmail.com","31477","","","2022-08-13 00:46:32.354","30","2022-08-25 12:43:14.841"
"user:read","","","","2022-10-01 21:58:57.828","Daugherty","38","Josphine Larkin II","277","true","false","bryon.bashirian@yahoo.com","379981","","","2022-07-30 05:02:03.219","26","2022-07-31 22:17:35.24"
"user:read","","","","2022-09-04 14:41:32.184","Johns","46","Malissa Becker","278","false","false","karena.marks@yahoo.com","324207","","","2022-08-25 05:46:52.505","19","2022-08-25 05:13:41.383"
"user:read","","","","2022-11-25 01:20:17.574","Funk","9","Ms. Denae Borer","279","false","true","trinidad.feest@hotmail.com","233204","","","2022-08-22 04:07:32.171","42","2022-07-28 06:51:21.665"
"user:read","","","","2022-09-09 07:05:07.608","Goldner","15","Miss Andy Blanda","280","true","true","rosario.marks@gmail.com","68489","","","2022-08-21 23:15:17.22","10","2022-08-24 07:07:38.22"
"user:read","","","","2022-09-10 13:22:05.235","Schmidt","35","Judson Schowalter IV","281","false","false","david.dibbert@hotmail.com","334494","","","2022-08-02 23:47:33.1","7","2022-08-19 03:21:08.442"
"user:read","","","","2022-09-10 03:24:35.773","Champlin","8","Rodolfo Schowalter","282","false","false","hisako.rogahn@yahoo.com","373593","","","2022-07-19 18:02:38.635","45","2022-08-11 15:27:59.622"
"user:read","","","","2022-08-27 01:01:29.694","Balistreri","24","Ms. Kieth Harber","283","true","true","lurlene.ward@gmail.com","226103","","","2022-08-21 12:12:36.457","19","2022-08-25 08:02:36.601"
"user:read","","","","2022-09-14 17:03:56.483","Robel","11","Dr. Maria Oberbrunner","284","false","false","maragaret.flatley@yahoo.com","114976","","","2022-08-25 12:41:06.068","17","2022-08-24 19:48:59.585"
"user:read","","","","2022-09-23 04:43:34.17","Mante","7","Noel Blanda IV","285","true","false","carroll.walker@hotmail.com","245000","","","2022-08-09 22:52:22.297","22","2022-08-09 20:23:54.577"
"user:read","","","","2022-10-14 07:34:21.955","Bartoletti","33","Jc Heller","286","true","true","josef.lockman@hotmail.com","353267","","","2022-07-28 23:05:52.653","43","2022-08-16 03:11:18.307"
"user:read","","","","2022-09-22 21:18:05.766","Hudson","30","Kristopher Koss","287","false","true","chance.murazik@hotmail.com","346367","","","2022-08-11 11:22:26.88","43","2022-07-28 08:56:17.731"
"user:read","","","","2022-10-18 12:37:51.845","Franecki","10","Casey Berge","288","false","false","darrin.schultz@hotmail.com","423265","","","2022-08-02 06:55:58.39","37","2022-08-18 15:56:19.291"
"user:read","","","","2022-09-30 19:13:16.438","Gibson","7","Ilse Stehr","289","false","false","lucie.pollich@hotmail.com","367546","","","2022-08-21 06:43:29.057","41","2022-08-06 19:07:00.875"
"user:read","","","","2022-10-06 16:57:06.603","Bartoletti","31","Dr. Howard Smitham","290","false","false","ricky.powlowski@yahoo.com","202390","","","2022-07-30 06:27:52.035","27","2022-08-10 03:32:49.683"
"user:read","","","","2022-10-04 13:35:08.278","Ullrich","6","Jill Bahringer","291","true","false","silva.kuhn@gmail.com","94374","","","2022-08-09 21:07:03.21","44","2022-08-12 23:54:14.834"
"user:read","","","","2022-09-26 05:09:56.15","Wolff","37","Miss Ezequiel Kshlerin","292","true","false","roderick.gislason@yahoo.com","277360","","","2022-07-31 14:21:53.121","22","2022-08-26 10:59:32.693"
"user:read","","","","2022-09-07 03:33:03.977","Kohler","3","Lupe Nolan","293","true","false","rashad.turcotte@hotmail.com","484618","","","2022-08-25 15:41:11.655","3","2022-08-23 06:28:04.322"
"user:read","","","","2022-09-01 08:12:04.382","Bins","26","Hobert McClure","294","false","false","chris.wiegand@gmail.com","116353","","","2022-08-23 12:13:56.268","46","2022-08-11 19:48:24.094"
"user:read","","","","2022-10-13 02:10:22.852","Kozey","6","Rudy Wolf PhD","295","false","false","tommie.nienow@hotmail.com","140598","","","2022-08-08 00:06:14.921","39","2022-08-25 04:56:52.759"
"user:read","","","","2022-09-09 12:19:56.568","Gleason","44","Alida Mueller","296","true","false","johnna.stamm@hotmail.com","205236","","","2022-07-30 22:03:41.52","17","2022-08-19 14:45:51.849"
"user:read","","","","2022-08-31 00:58:44.995","Cummings","34","Rudolph Wiza","297","false","true","rene.graham@yahoo.com","342798","","","2022-07-31 09:29:14.413","28","2022-08-18 19:54:55.998"
"user:read","","","","2022-11-08 20:38:12.825","Friesen","31","Georgene Reinger","298","false","false","rolf.swaniawski@yahoo.com","120425","","","2022-08-23 05:19:44.858","33","2022-07-20 20:45:54.284"
"user:read","","","","2022-10-29 07:55:24.62","Hyatt","48","Alysa Price","299","true","true","miguel.walsh@yahoo.com","400835","","","2022-08-11 02:52:26.251","9","2022-08-21 00:41:08.328"
"user:read","","","","2022-09-26 07:19:36.01","Roberts","40","Myrta Rippin","300","false","true","towanda.mills@yahoo.com","366834","","","2022-08-26 12:59:58.931","3","2022-08-20 16:02:18.936"
"user:read","","","","2022-09-25 21:09:26.241","Herzog","11","Leon Beier","301","true","true","diann.hirthe@yahoo.com","163480","","","2022-07-24 15:44:35.786","13","2022-08-19 05:21:50.306"
"user:read","","","","2022-09-18 20:19:20.143","Leuschke","9","Mrs. Laurel Rau","302","false","false","ressie.purdy@yahoo.com","267833","","","2022-08-18 01:46:40.758","19","2022-08-26 10:01:15.746"
"user:read","","","","2022-10-01 14:58:58.516","Fay","35","Mrs. Bonny Goldner","303","false","false","dora.haley@hotmail.com","292353","","","2022-08-02 17:27:04.08","43","2022-08-24 13:36:39.506"
"user:read","","","","2022-10-07 05:03:51.897","Bradtke","4","Dr. Lloyd Brakus","304","false","true","thora.heidenreich@hotmail.com","461625","","","2022-08-22 13:14:36.449","38","2022-08-24 03:57:14.586"
"user:read","","","","2022-09-05 12:55:15.204","Mraz","36","Emmett Barrows","305","false","true","douglas.boyer@gmail.com","293998","","","2022-08-06 11:56:27.66","18","2022-07-25 13:24:10.299"
"user:read","","","","2022-10-07 05:55:55.803","Hessel","11","Clare Harvey","306","true","false","kelle.gerhold@yahoo.com","132223","","","2022-08-18 19:58:10.091","23","2022-08-26 02:43:47.738"
"user:read","","","","2022-09-02 00:51:15.494","Connelly","39","Manuel Kihn","307","true","false","january.stark@yahoo.com","227122","","","2022-08-12 09:24:50.714","25","2022-08-25 10:09:12.278"
"user:read","","","","2022-08-29 07:23:20.643","Kihn","28","Rickey Rohan","308","true","false","otha.lockman@yahoo.com","167438","","","2022-08-21 13:45:53.019","28","2022-08-17 09:13:53.771"
"user:read","","","","2022-08-29 08:33:00.587","Pouros","18","Carlene Crooks","309","false","true","ashanti.zulauf@hotmail.com","57305","","","2022-08-19 14:09:20.657","31","2022-08-04 22:27:05.14"
"user:read","","","","2022-08-30 15:50:21.307","Ortiz","43","Burt Bode","310","true","true","corrie.braun@gmail.com","267187","","","2022-08-02 00:37:07.796","50","2022-08-12 23:39:42.514"
"user:read","","","","2022-09-08 08:12:34.956","Willms","19","Jed Cummings","311","true","true","wilbur.bartell@gmail.com","21428","","","2022-08-05 01:00:48.221","29","2022-08-10 14:47:19.27"
"user:read","","","","2022-10-01 22:56:25.842","Considine","8","Rogelio Legros","312","false","false","lyle.stroman@hotmail.com","96692","","","2022-08-19 06:49:47.356","48","2022-08-26 02:49:02.343"
"user:read","","","","2022-09-02 04:14:22.447","Morissette","40","Ms. Bernardina Bernhard","313","false","false","rosann.padberg@hotmail.com","420799","","","2022-08-06 01:29:22.654","23","2022-08-25 16:51:10.594"
"user:read","","","","2022-09-07 05:07:45.179","Goodwin","37","Ervin Runte","314","true","false","paul.crooks@gmail.com","19194","","","2022-08-07 13:53:44.699","30","2022-08-21 12:27:07.219"
"user:read","","","","2022-09-13 12:07:54.976","Ferry","31","Miss Reggie McGlynn","315","true","true","roy.gaylord@yahoo.com","108933","","","2022-07-31 03:48:33.78","2","2022-08-25 14:33:16.985"
"user:read","","","","2022-10-14 02:09:45.121","Corwin","27","Alonso Bode","316","false","false","peggie.jaskolski@yahoo.com","100516","","","2022-07-25 14:40:43.861","20","2022-08-26 07:40:33.516"
"user:read","","","","2022-09-19 23:27:20.21","Boehm","33","Mrs. Araceli Jenkins","317","false","false","marita.roberts@yahoo.com","478099","","","2022-07-31 16:36:59.968","46","2022-08-12 23:26:52.034"
"user:read","","","","2022-09-16 23:09:23.858","Hermiston","28","Travis Fahey","318","false","false","dania.blanda@gmail.com","112178","","","2022-08-02 14:13:46.159","48","2022-08-02 10:07:22.408"
"user:read","","","","2022-09-03 18:29:09.493","Wunsch","19","Hong Mann V","319","true","true","refugio.vandervort@gmail.com","374275","","","2022-07-22 04:01:41.144","38","2022-08-19 12:25:06.518"
"user:read","","","","2022-09-03 01:25:54.243","Funk","9","Edgardo Lynch","320","true","true","sydney.ziemann@yahoo.com","264006","","","2022-08-25 19:00:26.844","33","2022-08-22 04:52:35.203"
"user:read","","","","2022-08-27 05:22:22.202","Gerhold","6","Ernie Gerhold","321","false","false","keneth.wyman@hotmail.com","467370","","","2022-08-11 10:43:01.736","1","2022-08-01 09:44:39.188"
"user:read","","","","2022-11-20 07:36:24.118","Abernathy","48","Catarina Bashirian","322","false","false","sherman.hoppe@hotmail.com","373962","","","2022-08-23 12:42:29.977","17","2022-07-29 13:50:13.237"
"user:read","","","","2022-10-13 00:32:25.706","Kovacek","33","Osvaldo Hoeger","323","false","false","maxima.price@hotmail.com","59758","","","2022-08-22 18:47:03.822","17","2022-08-13 18:12:00.309"
"user:read","","","","2022-09-04 08:27:35.608","Armstrong","40","Frank Daugherty III","324","true","true","edmund.nienow@gmail.com","412169","","","2022-08-24 22:41:34.799","13","2022-08-21 23:04:54.08"
"user:read","","","","2022-08-31 21:41:26.935","Crona","35","Mr. Paul Becker","325","true","false","christa.oreilly@yahoo.com","125759","","","2022-08-17 04:16:59.758","1","2022-08-08 04:18:02.237"
"user:read","","","","2022-09-09 19:57:03.141","Emmerich","40","Trinidad Braun","326","true","true","monika.lemke@gmail.com","156763","","","2022-08-24 18:05:54.018","38","2022-08-16 07:02:05.809"
"user:read","","","","2022-09-03 05:54:53.903","Kerluke","48","Andres Considine I","327","true","true","millie.mertz@yahoo.com","403972","","","2022-08-06 16:17:53.733","10","2022-08-23 20:20:41.566"
"user:read","","","","2022-09-07 10:24:56.758","Murphy","16","Shawn Leffler","328","false","false","marianne.mante@gmail.com","75166","","","2022-08-22 21:47:04.438","5","2022-07-22 04:57:18.006"
"user:read","","","","2022-09-28 01:48:37.76","Romaguera","4","Klara Wolff","329","true","true","george.mills@hotmail.com","353052","","","2022-08-19 09:21:47.184","22","2022-08-06 14:42:52.01"
"user:read","","","","2022-09-25 22:53:39.875","Langworth","27","Tangela Herzog","330","true","true","luci.oreilly@hotmail.com","297845","","","2022-08-25 12:25:46.958","34","2022-07-25 19:54:34.595"
"user:read","","","","2022-11-01 16:56:53.745","Douglas","24","Mrs. Lucila Leuschke","331","false","true","ardath.frami@gmail.com","415961","","","2022-07-19 12:13:43.285","2","2022-08-22 03:42:15.522"
"user:read","","","","2022-10-10 16:36:21.593","Shields","48","Denis Dibbert","332","false","true","peter.roob@hotmail.com","478352","","","2022-07-26 22:40:38.765","26","2022-07-23 00:44:53.353"
"user:read","","","","2022-10-08 19:28:35.912","Bashirian","33","Yulanda Harris","333","true","true","tyisha.dubuque@yahoo.com","162721","","","2022-08-17 08:00:38.967","27","2022-08-12 23:33:51.467"
"user:read","","","","2022-10-06 10:34:39.979","Huels","25","Norbert Fahey","334","true","false","tyrell.hackett@hotmail.com","321617","","","2022-08-21 18:08:48.048","34","2022-08-23 02:03:15.293"
"user:read","","","","2022-09-23 18:13:34.566","Braun","16","Miss Gail Gleason","335","true","true","modesto.mertz@gmail.com","317301","","","2022-08-19 18:50:57.096","36","2022-08-09 06:56:59.778"
"user:read","","","","2022-10-05 03:52:19.35","Harvey","48","Ms. Porsche O'Kon","336","false","false","cordia.bauch@gmail.com","434423","","","2022-07-26 03:50:55.294","12","2022-08-20 13:44:51.684"
"user:read","","","","2022-08-31 20:50:01.851","Mueller","37","Mel Murray","337","false","true","jolyn.herman@gmail.com","104712","","","2022-08-24 13:21:51.941","15","2022-08-07 10:11:25.02"
"user:read","","","","2022-09-19 19:51:07.023","Hagenes","49","Israel Macejkovic II","338","false","true","shawnee.kozey@hotmail.com","50348","","","2022-07-27 03:58:21.146","3","2022-08-09 06:22:55.428"
"user:read","","","","2022-09-24 13:14:24.388","Von","49","Lionel Muller","339","true","false","desire.schmidt@yahoo.com","111319","","","2022-08-08 15:41:28.366","49","2022-08-21 20:05:08.842"
"user:read","","","","2022-10-03 17:30:04.707","Kihn","14","Ms. Arminda Orn","340","false","true","alden.zieme@yahoo.com","286139","","","2022-08-20 08:41:25.133","25","2022-08-14 07:16:55.843"
"user:read","","","","2022-08-26 18:16:03.931","Parisian","49","Mauro Hintz","341","true","true","allen.daugherty@hotmail.com","141637","","","2022-07-29 04:02:37.409","14","2022-08-18 15:54:48.564"
"user:read","","","","2022-10-31 05:39:24.745","Feest","49","Sherrell Willms","342","false","false","dorothy.bechtelar@yahoo.com","26349","","","2022-08-20 06:34:49.489","14","2022-08-13 06:22:52.736"
"user:read","","","","2022-09-13 17:59:28.629","Balistreri","39","Miss Jacquelyn Marquardt","343","false","true","jules.ferry@hotmail.com","385489","","","2022-08-25 06:20:49.124","10","2022-07-30 06:30:44.776"
"user:read","","","","2022-11-03 15:19:40.869","Bartell","40","Gayle Wilderman","344","false","true","elliot.mccullough@yahoo.com","259940","","","2022-07-29 09:56:47.711","2","2022-08-05 18:59:21.32"
"user:read","","","","2022-09-27 10:11:32.825","Kulas","13","Tisha Davis","345","false","true","ingeborg.streich@hotmail.com","460212","","","2022-08-13 16:17:49.263","41","2022-08-15 04:45:53.01"
"user:read","","","","2022-10-04 17:30:11.881","Feeney","15","Susanne Tromp","346","true","true","bernard.simonis@yahoo.com","402061","","","2022-08-16 21:10:02.252","21","2022-08-18 18:38:10.484"
"user:read","","","","2022-08-27 22:50:20.678","Prosacco","49","Mrs. Mario Casper","347","true","true","heriberto.cassin@gmail.com","440497","","","2022-08-15 03:50:59.944","11","2022-08-20 02:08:13.845"
"user:read","","","","2022-09-29 13:06:59.024","Mayert","28","Delinda Ledner","348","false","true","manie.keeling@yahoo.com","213904","","","2022-08-23 01:45:56.795","16","2022-08-07 17:22:45.769"
"user:read","","","","2022-09-15 21:00:32.434","Lakin","22","Lilla Labadie III","349","false","false","concetta.breitenberg@yahoo.com","499716","","","2022-08-26 04:40:19.752","4","2022-08-20 18:15:23.784"
"user:read","","","","2022-10-26 02:11:07.051","Rowe","42","Elmer Bode","350","true","true","marshall.cruickshank@hotmail.com","16706","","","2022-08-21 10:06:25.711","28","2022-08-20 22:09:45.977"
"user:read","","","","2022-08-29 01:42:42.145","Goyette","35","Jenna Baumbach","351","false","false","elmer.mann@gmail.com","328935","","","2022-08-18 11:19:51.277","19","2022-08-12 14:48:24.7"
"user:read","","","","2022-08-31 23:01:04.449","Witting","26","Ms. Zina Brakus","352","true","true","neta.fay@gmail.com","334018","","","2022-08-19 11:04:27.439","22","2022-08-13 11:23:15.286"
"user:read","","","","2022-09-14 03:39:04.598","Cormier","48","Mr. Zachery Dicki","353","false","false","moises.block@gmail.com","207442","","","2022-08-25 06:06:05.522","12","2022-08-25 09:43:38.664"
"user:read","","","","2022-09-07 10:02:08.475","Konopelski","16","Waltraud Dach","354","false","false","gertrudis.ward@gmail.com","420459","","","2022-08-20 04:31:54.054","33","2022-08-04 15:57:26.004"
"user:read","","","","2022-09-03 10:03:35.88","Casper","48","Dr. Darren Smitham","355","false","true","tricia.christiansen@gmail.com","342846","","","2022-08-05 11:09:15.028","8","2022-07-30 01:20:10.948"
"user:read","","","","2022-10-13 23:53:14.989","Jakubowski","43","Broderick Veum","356","false","false","irwin.ondricka@gmail.com","303056","","","2022-08-24 11:13:44.478","19","2022-08-23 08:11:10.194"
"user:read","","","","2022-09-04 09:01:29.782","Tillman","19","Jann Larkin I","357","false","true","eilene.hauck@gmail.com","274273","","","2022-08-15 03:49:28.246","41","2022-08-09 17:42:05.557"
"user:read","","","","2022-09-02 12:31:55.056","Treutel","30","Domitila Leuschke","358","true","false","rusty.goldner@hotmail.com","331121","","","2022-08-12 15:15:37.735","29","2022-08-12 10:39:11.484"
"user:read","","","","2022-09-16 04:23:26.484","Hermiston","34","Devon Hauck","359","false","true","cristobal.rutherford@gmail.com","118258","","","2022-07-27 01:37:08.381","26","2022-08-25 09:56:11.046"
"user:read","","","","2022-09-21 19:09:34.698","Wiegand","25","Becky Cummings","360","false","false","olene.sawayn@hotmail.com","381451","","","2022-08-23 18:14:52.725","38","2022-08-07 07:42:30.114"
"user:read","","","","2022-09-22 06:25:35.071","Altenwerth","40","Chris Ward","361","true","false","starla.stiedemann@hotmail.com","418611","","","2022-08-17 19:00:18.787","6","2022-08-22 17:22:01.262"
"user:read","","","","2022-10-26 20:40:52.495","Koepp","33","Kent Bernier I","362","true","false","mazie.weissnat@yahoo.com","266719","","","2022-08-18 00:02:05.839","49","2022-08-24 10:34:31.322"
"user:read","","","","2022-10-12 01:47:59.515","Hilll","36","Winford Gleason","363","true","true","aldo.bayer@hotmail.com","488610","","","2022-08-24 07:54:03.829","14","2022-08-24 13:29:14.45"
"user:read","","","","2022-09-30 12:01:42.214","Will","8","Jaquelyn Mraz","364","true","false","willette.torphy@yahoo.com","279214","","","2022-08-22 11:25:40.015","6","2022-08-05 14:51:47.549"
"user:read","","","","2022-09-02 11:38:32.87","Marquardt","33","Carmelita Blick","365","false","true","luella.wiza@yahoo.com","300068","","","2022-08-20 09:35:55.348","24","2022-08-25 09:49:12.309"
"user:read","","","","2022-09-01 07:18:07.426","Effertz","15","Dr. Shaniqua Feeney","366","true","true","ignacia.skiles@gmail.com","217648","","","2022-08-22 19:10:58.028","19","2022-08-24 19:59:42.465"
"user:read","","","","2022-08-29 18:21:59.482","Thompson","17","Denese Pfeffer","367","true","true","ignacia.goodwin@hotmail.com","482126","","","2022-08-23 03:58:15.286","33","2022-08-08 15:48:41.694"
"user:read","","","","2022-08-28 13:02:42.18","Roob","4","Leon MacGyver Sr.","368","true","false","jeffry.denesik@gmail.com","247393","","","2022-07-30 01:42:48.681","35","2022-08-13 13:28:50.621"
"user:read","","","","2022-09-11 00:49:12.994","Fay","41","Miss Elton Stroman","369","false","false","albertina.hayes@gmail.com","93750","","","2022-08-07 21:18:49.519","34","2022-07-26 13:34:45.906"
"user:read","","","","2022-10-05 09:19:41.124","Fay","29","Ted Fahey","370","false","true","katy.beier@gmail.com","269960","","","2022-08-19 14:02:01.887","18","2022-08-03 04:07:36.883"
"user:read","","","","2022-10-27 03:53:32.234","Dietrich","31","Vance Goodwin","371","false","false","elvis.runolfsdottir@gmail.com","137244","","","2022-08-16 04:48:56.414","3","2022-08-22 09:05:55.709"
"user:read","","","","2022-08-28 14:02:03.113","Osinski","25","Josh Bailey","372","true","true","kaci.casper@hotmail.com","320079","","","2022-08-13 13:35:08.185","40","2022-07-20 19:12:36.171"
"user:read","","","","2022-08-29 10:13:43.864","Bogisich","30","Robt McKenzie","373","false","false","terry.heaney@hotmail.com","83759","","","2022-08-12 06:20:53.491","20","2022-08-21 23:01:56.681"
"user:read","","","","2022-09-09 00:44:48.678","Ratke","20","Jerry Harvey","374","true","true","robbyn.gleichner@gmail.com","42625","","","2022-08-26 06:45:21.926","41","2022-08-21 22:19:50.103"
"user:read","","","","2022-09-19 03:46:49.011","Legros","43","Adelia Hilpert","375","true","false","charise.vonrueden@hotmail.com","307799","","","2022-08-10 09:44:24.445","47","2022-07-22 13:33:47.378"
"user:read","","","","2022-09-06 02:54:09.339","Metz","12","Titus Denesik","376","true","true","tennille.hermiston@yahoo.com","34568","","","2022-08-03 23:00:17.688","22","2022-07-31 23:29:00.743"
"user:read","","","","2022-09-11 13:22:37.289","Windler","1","Catrina Ebert","377","true","false","clarissa.goyette@yahoo.com","436855","","","2022-08-24 07:56:23.324","9","2022-08-22 12:50:10.712"
"user:read","","","","2022-08-30 20:28:17.037","Davis","42","Donny Kerluke","378","false","true","hailey.johnston@hotmail.com","264356","","","2022-08-23 21:56:29.843","16","2022-08-14 23:48:54.357"
"user:read","","","","2022-09-01 16:31:22.851","Koss","22","Ms. Earline Keeling","379","true","true","gregory.schaefer@yahoo.com","195010","","","2022-08-20 04:19:54.047","5","2022-08-21 12:08:00.385"
"user:read","","","","2022-08-29 05:41:08.86","Strosin","41","Billye Hermiston","380","false","true","dario.leannon@gmail.com","331080","","","2022-08-11 02:51:14.786","17","2022-08-24 13:17:46.584"
"user:read","","","","2022-08-31 06:52:56.111","Beer","44","Hailey Beier MD","381","false","true","quincy.huel@gmail.com","17583","","","2022-08-20 17:43:35.926","23","2022-08-22 04:29:51.903"
"user:read","","","","2022-11-09 14:17:41.236","Mante","49","Katharine King Sr.","382","false","false","bettie.bernier@yahoo.com","26002","","","2022-08-11 00:06:40.948","20","2022-08-05 02:48:35.52"
"user:read","","","","2022-09-13 14:14:32.047","Stoltenberg","8","Huong Pfeffer","383","false","true","norris.simonis@gmail.com","321611","","","2022-08-05 03:32:55.682","16","2022-08-15 18:43:30.689"
"user:read","","","","2022-09-21 20:07:33.679","Ebert","16","Donald Schuppe","384","false","true","ezekiel.mayer@gmail.com","275188","","","2022-07-23 11:54:35.911","19","2022-08-26 07:50:20.558"
"user:read","","","","2022-10-15 16:42:42.113","Stamm","42","Johnette Crooks PhD","385","true","false","gavin.tromp@gmail.com","30733","","","2022-08-19 05:45:39.993","31","2022-08-19 14:32:51.036"
"user:read","","","","2022-10-10 11:01:00.793","Halvorson","19","Ok Deckow","386","false","true","jewell.kuphal@hotmail.com","147427","","","2022-07-26 16:40:59.302","23","2022-08-25 22:35:24.617"
"user:read","","","","2022-09-24 05:00:29.748","Lakin","16","Trinidad Powlowski","387","false","false","lara.boyer@yahoo.com","135926","","","2022-08-24 01:27:50.889","26","2022-08-13 12:42:23.783"
"user:read","","","","2022-08-26 16:56:22.468","Connelly","43","Josef Dickinson","388","true","false","lee.streich@hotmail.com","64616","","","2022-08-11 18:11:05.678","17","2022-08-14 07:38:54.889"
"user:read","","","","2022-08-30 21:25:15.429","Green","19","Douglas Cruickshank","389","false","true","margarett.yundt@yahoo.com","49260","","","2022-08-06 16:48:17.586","5","2022-08-18 11:24:19.411"
"user:read","","","","2022-09-06 08:28:31.344","Sipes","2","Lyman Emard","390","false","false","fredric.zboncak@yahoo.com","368284","","","2022-08-17 10:43:31.616","8","2022-08-21 03:26:32.202"
"user:read","","","","2022-11-10 01:31:41.677","Skiles","4","Dedra Williamson","391","true","false","karole.connelly@gmail.com","395260","","","2022-08-22 13:07:04.076","23","2022-08-24 13:07:11.877"
"user:read","","","","2022-09-15 01:51:04.83","Conroy","31","Trudie McCullough","392","false","false","lorenzo.christiansen@gmail.com","419262","","","2022-08-23 15:10:41.553","18","2022-08-17 08:35:16.477"
"user:read","","","","2022-08-27 05:05:39.321","Prosacco","14","Long Jacobs","393","true","false","gayle.hilpert@hotmail.com","237087","","","2022-08-26 08:32:27.075","43","2022-08-24 23:56:44.063"
"user:read","","","","2022-09-10 17:56:38.353","Wehner","2","Jacquelynn Bailey","394","false","true","shani.jones@gmail.com","26315","","","2022-08-24 08:18:40.226","34","2022-08-26 03:00:54.518"
"user:read","","","","2022-10-14 00:39:19.529","Will","9","Leonardo Cartwright IV","395","false","true","cherish.towne@yahoo.com","321136","","","2022-08-21 03:20:38.904","40","2022-07-29 15:04:04.339"
"user:read","","","","2022-11-01 09:11:40.859","West","6","Delaine Stehr","396","true","false","alyssa.kub@hotmail.com","183429","","","2022-07-26 13:39:12.756","31","2022-08-21 18:27:21.672"
"user:read","","","","2022-08-31 19:12:35.292","Schuppe","42","Tod Stark","397","false","true","willard.marks@yahoo.com","445652","","","2022-08-08 16:53:28.79","33","2022-08-22 09:06:49.758"
"user:read","","","","2022-08-30 11:20:47.672","Metz","44","Dario Muller PhD","398","true","true","mariette.renner@gmail.com","236971","","","2022-08-26 12:02:39.36","46","2022-08-19 21:17:03.903"
"user:read","","","","2022-09-30 08:27:03.168","Braun","14","Raymond Rutherford","399","true","true","phil.reichel@yahoo.com","474143","","","2022-08-08 19:38:31.418","6","2022-08-14 13:23:53.593"
"user:read","","","","2022-08-27 00:55:09.95","Kunde","6","Junior Glover II","400","false","true","edwardo.mueller@hotmail.com","432160","","","2022-08-23 22:52:05.047","21","2022-08-24 21:05:03.004"
"user:read","","","","2022-10-10 15:35:28.726","Murray","31","Terresa Luettgen IV","401","false","false","renae.hackett@gmail.com","477367","","","2022-08-21 06:38:30.06","12","2022-08-07 15:35:50.399"
"user:read","","","","2022-09-21 11:29:50.0","Hilll","7","Christinia Blick DDS","402","false","false","jeramy.murphy@hotmail.com","213643","","","2022-08-06 21:37:02.534","25","2022-08-25 11:18:36.936"
"user:read","","","","2022-10-27 12:38:27.404","Glover","25","Ms. Cruz Hoppe","403","false","false","spring.heller@hotmail.com","116030","","","2022-08-09 23:16:26.179","35","2022-08-25 00:08:51.548"
"user:read","","","","2022-09-23 16:07:01.147","Hilll","49","Rhett Lindgren","404","false","true","judie.gleason@hotmail.com","319031","","","2022-08-19 08:26:31.57","5","2022-08-19 01:28:00.972"
"user:read","","","","2022-10-18 12:08:11.936","Sporer","13","Freddy Smitham","405","false","false","dylan.bartell@gmail.com","352710","","","2022-08-25 17:59:16.567","49","2022-08-19 20:18:26.76"
"user:read","","","","2022-08-30 19:54:37.911","Wiza","24","Dr. Cecil Cassin","406","false","true","florrie.robel@hotmail.com","414046","","","2022-07-12 15:33:46.461","35","2022-08-07 15:33:38.544"
"user:read","","","","2022-09-04 21:23:11.466","Rolfson","47","Kyong Metz","407","false","true","craig.boyer@gmail.com","497637","","","2022-08-22 06:16:22.011","50","2022-08-19 19:09:17.94"
"user:read","","","","2022-08-31 06:12:01.087","Lubowitz","9","Azalee Keebler","408","false","true","karolyn.ullrich@yahoo.com","4081","","","2022-08-16 04:08:13.711","50","2022-08-07 03:28:09.245"
"user:read","","","","2022-10-07 21:37:32.925","Collier","20","Ilene Flatley","409","true","false","colby.mueller@hotmail.com","202047","","","2022-08-02 08:07:26.512","20","2022-08-12 11:59:55.524"
"user:read","","","","2022-09-15 23:33:33.301","Reynolds","27","Eddie Kihn","410","true","false","orval.kris@yahoo.com","408339","","","2022-08-07 02:13:28.237","29","2022-08-17 09:10:23.595"
"user:read","","","","2022-09-13 05:21:52.532","Will","29","Keneth Conn","411","true","true","wendell.schmeler@yahoo.com","129463","","","2022-07-30 04:34:49.889","50","2022-07-12 03:59:11.368"
"user:read","","","","2022-09-20 21:28:05.564","Reynolds","3","Josef Klein","412","false","true","shannon.adams@yahoo.com","92652","","","2022-08-24 11:03:58.121","28","2022-08-19 07:06:40.198"
"user:read","","","","2022-09-04 23:40:07.405","Crona","1","Dr. Sadye Schimmel","413","true","true","jarvis.donnelly@gmail.com","216173","","","2022-08-24 18:11:13.461","33","2022-08-17 03:23:48.076"
"user:read","","","","2022-09-11 06:51:21.128","Kunde","27","Garfield Leannon","414","true","true","inell.lueilwitz@yahoo.com","278841","","","2022-08-12 15:08:32.77","38","2022-08-03 15:32:03.39"
"user:read","","","","2022-09-01 10:50:15.455","Reichel","30","Juli West","415","true","false","marget.gleichner@gmail.com","15333","","","2022-08-06 11:49:24.755","40","2022-08-20 17:19:56.444"
"user:read","","","","2022-09-15 05:59:28.7","Renner","39","Geri Kuhn","416","false","false","thomas.marquardt@gmail.com","377419","","","2022-08-17 14:19:45.737","13","2022-08-13 00:42:53.109"
"user:read","","","","2022-09-28 10:10:26.027","Rodriguez","3","Slyvia Stracke","417","false","true","alexis.schiller@hotmail.com","86963","","","2022-08-14 18:16:32.25","26","2022-08-19 03:21:43.433"
"user:read","","","","2022-09-18 01:31:35.111","Nolan","47","Verline Hudson Jr.","418","true","false","shenita.windler@gmail.com","15564","","","2022-08-25 03:23:10.61","13","2022-08-22 00:58:48.313"
"user:read","","","","2022-08-28 14:15:51.293","Aufderhar","12","Jeri Jacobi DDS","419","false","false","oswaldo.nitzsche@hotmail.com","286913","","","2022-08-22 12:52:59.182","46","2022-08-23 19:00:33.015"
"user:read","","","","2022-09-06 18:56:21.499","Cole","21","Tempie Denesik","420","true","false","tad.ortiz@yahoo.com","76158","","","2022-08-21 05:27:02.382","18","2022-08-09 00:25:18.225"
"user:read","","","","2022-09-05 05:47:34.201","Hyatt","31","Joan Rohan","421","false","false","mignon.moore@yahoo.com","41984","","","2022-08-16 00:41:36.883","21","2022-08-07 00:36:56.184"
"user:read","","","","2022-08-28 17:21:58.079","Satterfield","25","Mrs. Brendon Reinger","422","false","true","silas.zulauf@gmail.com","9984","","","2022-08-16 07:45:14.782","38","2022-08-16 19:41:03.649"
"user:read","","","","2022-10-13 14:06:23.345","Green","16","Vaughn Nader","423","true","false","reinaldo.cruickshank@gmail.com","64839","","","2022-08-24 11:27:11.143","29","2022-07-29 16:22:00.189"
"user:read","","","","2022-09-21 07:05:54.094","Welch","25","Wilton VonRueden","424","false","true","robbi.hills@hotmail.com","147364","","","2022-08-25 07:41:48.898","47","2022-08-26 08:29:09.511"
"user:read","","","","2022-08-28 11:36:23.604","Padberg","1","Yukiko Lowe","425","true","false","maximo.tillman@gmail.com","471081","","","2022-07-20 16:38:37.237","29","2022-08-26 09:27:01.656"
"user:read","","","","2022-09-08 03:31:31.44","Corkery","3","Wenona Weissnat","426","true","false","cameron.keeling@yahoo.com","187197","","","2022-08-26 11:30:58.795","6","2022-08-10 01:56:33.489"
"user:read","","","","2022-09-10 17:18:18.974","O'Reilly","18","Katherina Walsh","427","true","true","gracia.davis@hotmail.com","469866","","","2022-08-21 01:37:20.369","18","2022-08-03 04:51:33.991"
"user:read","","","","2022-09-29 22:57:25.596","Abbott","2","Dean Kling","428","true","false","daisy.ruecker@yahoo.com","38473","","","2022-08-25 07:01:04.72","47","2022-08-23 03:52:41.747"
"user:read","","","","2022-09-04 23:55:19.286","O'Keefe","48","Kathi Pfannerstill","429","false","false","jeremiah.luettgen@hotmail.com","252523","","","2022-08-14 18:17:21.634","19","2022-08-25 05:06:55.934"
"user:read","","","","2022-08-28 07:29:05.795","Kuhlman","29","Riley Williamson Sr.","430","true","true","dee.cartwright@hotmail.com","190682","","","2022-08-25 22:16:01.326","48","2022-08-22 01:31:15.61"
"user:read","","","","2022-10-18 23:16:28.371","Wisoky","3","Salvador Kris","431","false","true","jerome.kautzer@hotmail.com","170742","","","2022-08-02 14:43:06.505","4","2022-08-06 12:00:10.125"
"user:read","","","","2022-09-02 00:14:23.965","Keeling","46","Toi Bernhard","432","true","false","henry.schneider@hotmail.com","124820","","","2022-08-24 20:34:00.23","24","2022-08-10 13:33:47.317"
"user:read","","","","2022-11-11 14:22:30.296","Maggio","48","Marie Dickinson","433","true","true","timmy.fay@gmail.com","401666","","","2022-08-03 07:06:01.918","9","2022-08-26 14:01:50.14"
"user:read","","","","2022-11-23 09:27:04.49","Collier","11","Breann Turner","434","true","false","ivory.mosciski@gmail.com","428768","","","2022-08-10 19:46:14.852","38","2022-08-17 21:20:20.587"
"user:read","","","","2022-09-18 14:19:14.455","Fritsch","24","Kurtis Lang","435","false","false","digna.brekke@hotmail.com","335006","","","2022-08-23 12:49:36.781","2","2022-08-17 05:12:34.496"
"user:read","","","","2022-10-17 06:35:23.568","Wiza","24","Theodore Kemmer","436","false","false","quentin.schoen@gmail.com","137933","","","2022-08-15 19:13:21.194","25","2022-08-20 20:47:46.557"
"user:read","","","","2022-10-06 16:09:09.933","Schulist","12","Brock Veum","437","false","false","darlene.sipes@hotmail.com","385289","","","2022-08-20 23:30:47.247","44","2022-08-14 01:13:25.699"
"user:read","","","","2022-09-09 06:04:19.891","Stanton","2","Fidel Goldner","438","false","false","marsha.pollich@hotmail.com","144697","","","2022-08-24 11:59:23.434","17","2022-08-20 17:30:10.438"
"user:read","","","","2022-09-10 13:45:58.997","Volkman","7","Mrs. Marina Champlin","439","true","true","kate.bartoletti@hotmail.com","139748","","","2022-08-02 01:08:39.027","3","2022-08-26 08:52:38.918"
"user:read","","","","2022-10-10 23:11:26.366","Huel","20","Jaqueline Hauck","440","true","false","ronnie.keeling@hotmail.com","229244","","","2022-07-24 11:18:41.612","38","2022-08-06 14:46:12.646"
"user:read","","","","2022-09-06 00:34:13.987","Skiles","23","Long Koss I","441","false","false","cami.kemmer@gmail.com","68500","","","2022-08-13 03:34:04.484","9","2022-08-17 11:37:33.529"
"user:read","","","","2022-11-09 12:49:42.868","Kuphal","17","Pauline Bayer IV","442","false","true","odis.corkery@gmail.com","467273","","","2022-08-16 23:28:36.385","27","2022-08-19 09:26:54.715"
"user:read","","","","2022-09-02 01:17:28.538","Goldner","18","Dr. Arlie King","443","false","false","manuela.heathcote@yahoo.com","15821","","","2022-07-30 08:56:53.128","4","2022-08-17 16:20:06.591"
"user:read","","","","2022-09-14 18:02:24.976","Konopelski","3","Keira Buckridge III","444","false","true","keesha.powlowski@hotmail.com","307305","","","2022-07-30 02:34:04.378","8","2022-08-22 04:10:58.022"
"user:read","","","","2022-10-15 05:40:21.005","Gusikowski","47","Anneliese Hickle DVM","445","false","false","vera.damore@gmail.com","383483","","","2022-08-04 11:26:19.804","24","2022-08-06 11:16:55.0"
"user:read","","","","2022-10-06 12:46:31.5","Hickle","19","Clifton Beier","446","false","false","in.blick@hotmail.com","266790","","","2022-08-12 22:58:38.236","49","2022-08-23 17:57:40.933"
"user:read","","","","2022-09-07 15:50:59.048","Nader","2","Lulu Wehner","447","false","false","bobby.kohler@gmail.com","57233","","","2022-08-18 00:19:28.918","3","2022-07-19 17:33:51.75"
"user:read","","","","2022-08-30 11:26:20.58","Beatty","22","Shela Jakubowski","448","false","true","helaine.kulas@yahoo.com","270672","","","2022-07-14 22:08:16.892","36","2022-08-20 05:25:39.811"
"user:read","","","","2022-11-13 18:50:35.591","Schumm","42","Madonna Braun","449","false","true","trinidad.jakubowski@yahoo.com","250740","","","2022-08-23 01:14:50.455","43","2022-08-21 19:32:47.299"
"user:read","","","","2022-09-09 11:12:46.366","Davis","12","Abby Harris","450","false","true","wade.littel@yahoo.com","160900","","","2022-08-04 09:23:24.507","3","2022-08-14 06:53:03.792"
"user:read","","","","2022-09-11 11:29:37.085","Cartwright","17","Mrs. Nicolas Thiel","451","false","true","damian.lemke@gmail.com","70174","","","2022-08-19 23:57:45.843","11","2022-08-06 07:52:36.572"
"user:read","","","","2022-09-01 07:54:56.726","Padberg","11","Cornelius Herman","452","true","false","nida.hahn@hotmail.com","325610","","","2022-08-13 17:57:07.068","11","2022-07-25 07:14:07.956"
"user:read","","","","2022-09-09 19:26:58.726","Goldner","48","Mr. Yun Reichel","453","true","true","sherill.jakubowski@gmail.com","47033","","","2022-08-19 02:01:10.329","16","2022-08-20 22:55:17.22"
"user:read","","","","2022-09-04 10:07:02.902","Larson","4","Meggan Gislason","454","false","true","jenae.stark@gmail.com","76940","","","2022-08-08 18:03:22.325","3","2022-08-24 20:14:34.121"
"user:read","","","","2022-10-23 05:04:59.169","Kautzer","16","Leticia Zboncak","455","true","false","trent.kub@hotmail.com","336485","","","2022-07-17 21:22:26.445","3","2022-08-25 14:14:18.639"
"user:read","","","","2022-09-15 12:07:40.529","Bergstrom","14","Francis Feest","456","false","false","cherise.gorczany@hotmail.com","174815","","","2022-08-19 16:55:04.988","5","2022-08-17 03:04:28.014"
"user:read","","","","2022-09-06 07:17:38.7","Strosin","5","Delma Olson","457","true","true","german.bogisich@yahoo.com","97726","","","2022-08-22 02:51:50.364","24","2022-08-20 04:03:21.73"
"user:read","","","","2022-09-28 10:33:56.21","Schmitt","25","Laurel Beier","458","true","false","hiram.flatley@hotmail.com","251493","","","2022-08-26 07:32:30.256","6","2022-08-14 20:33:55.598"
"user:read","","","","2022-09-18 13:15:11.97","Cole","22","Bradly Abbott","459","false","true","peter.bechtelar@hotmail.com","17705","","","2022-08-19 23:54:09.507","26","2022-08-26 09:23:09.263"
"user:read","","","","2022-09-26 04:03:01.212","Kuhlman","27","Juan Crooks","460","true","true","eugenio.muller@hotmail.com","218849","","","2022-08-15 02:13:18.835","17","2022-07-26 21:20:51.216"
"user:read","","","","2022-11-21 03:51:55.84","Welch","8","Ms. Fernando Mitchell","461","true","true","marty.terry@hotmail.com","384244","","","2022-07-31 04:52:27.898","30","2022-08-22 13:01:28.02"
"user:read","","","","2022-09-06 05:54:47.352","Cremin","6","Cyril Gleason","462","true","false","clarisa.gulgowski@hotmail.com","444677","","","2022-08-13 12:49:28.301","25","2022-08-13 02:21:41.624"
"user:read","","","","2022-09-24 07:09:16.696","Schultz","18","Elli Lakin Jr.","463","true","false","mavis.jacobs@hotmail.com","414287","","","2022-08-25 19:51:32.183","16","2022-08-20 13:47:23.928"
"user:read","","","","2022-09-04 05:46:52.849","Schneider","35","Miss Verline Ziemann","464","true","false","johnnie.stark@gmail.com","281016","","","2022-08-12 14:40:40.491","27","2022-08-24 21:12:17.802"
"user:read","","","","2022-08-27 20:09:29.099","Pollich","15","Marnie Parisian","465","false","true","dana.blanda@yahoo.com","285802","","","2022-08-13 12:19:01.508","45","2022-08-24 01:01:37.91"
"user:read","","","","2022-09-05 02:27:51.378","Labadie","12","Crissy Keebler IV","466","false","true","marshall.brakus@gmail.com","307912","","","2022-08-21 00:29:17.516","8","2022-07-27 00:15:06.154"
"user:read","","","","2022-11-02 07:21:34.021","Terry","19","Mrs. Jacques Nader","467","false","true","phyllis.schultz@gmail.com","404720","","","2022-08-19 13:47:36.484","15","2022-08-02 07:57:11.04"
"user:read","","","","2022-09-10 00:11:43.337","Schinner","46","Lisette Koss","468","false","false","rebeca.gutkowski@hotmail.com","376939","","","2022-08-19 21:10:38.013","23","2022-08-19 01:47:10.516"
"user:read","","","","2022-09-09 02:02:34.659","Runolfsdottir","41","Renaldo Olson","469","false","true","dorotha.leffler@yahoo.com","66818","","","2022-08-24 21:00:01.389","12","2022-08-24 19:57:59.133"
"user:read","","","","2022-08-30 18:01:51.003","Wehner","37","Daron Wintheiser","470","false","true","doreatha.cassin@hotmail.com","181670","","","2022-08-20 09:02:20.217","31","2022-07-15 20:19:03.393"
"user:read","","","","2022-09-01 23:50:26.925","Runolfsdottir","31","Nicolas Wilderman","471","true","true","jazmine.botsford@hotmail.com","40602","","","2022-08-25 00:33:53.86","22","2022-08-26 13:02:44.104"
"user:read","","","","2022-10-01 13:53:50.656","Lindgren","47","Rogelio Auer","472","false","false","iluminada.von@yahoo.com","176102","","","2022-07-23 01:49:06.267","45","2022-08-13 23:59:52.399"
"user:read","","","","2022-09-17 00:25:21.254","Herzog","23","Ileen Sawayn","473","true","true","kieth.orn@gmail.com","407601","","","2022-08-10 18:35:25.717","41","2022-08-23 19:21:17.36"
"user:read","","","","2022-10-24 02:35:50.705","Toy","13","Brett Frami","474","false","false","martina.champlin@yahoo.com","304012","","","2022-08-18 20:19:33.619","46","2022-08-20 19:20:13.53"
"user:read","","","","2022-10-01 23:47:01.059","Dickinson","16","Diann Fahey","475","false","true","louie.turner@hotmail.com","168125","","","2022-08-20 12:28:04.588","9","2022-08-03 07:58:33.171"
"user:read","","","","2022-11-15 05:30:25.144","Morissette","10","Norene Thompson DDS","476","false","true","rueben.torphy@hotmail.com","158567","","","2022-08-23 09:17:45.269","13","2022-08-13 03:35:20.504"
"user:read","","","","2022-08-30 07:13:51.844","Monahan","24","Larhonda Roob","477","true","true","johnson.corwin@gmail.com","303848","","","2022-08-25 18:21:59.665","50","2022-08-23 03:10:47.624"
"user:read","","","","2022-10-20 12:19:59.176","Zboncak","33","Dennis Howe","478","false","true","clemente.hane@gmail.com","383085","","","2022-08-17 11:33:21.957","39","2022-08-20 17:58:01.016"
"user:read","","","","2022-11-05 19:21:40.938","Shanahan","11","Sal Durgan","479","true","false","noemi.roberts@hotmail.com","489736","","","2022-08-25 12:18:51.149","21","2022-08-11 13:00:50.032"
"user:read","","","","2022-10-13 06:04:51.525","Yundt","46","Thomas Bogisich","480","false","true","mai.windler@gmail.com","395181","","","2022-08-17 18:54:32.983","19","2022-08-24 14:08:51.22"
"user:read","","","","2022-09-27 10:14:53.822","Block","11","Reynalda Adams","481","true","false","gregg.mcglynn@gmail.com","453617","","","2022-08-23 18:04:24.871","41","2022-08-23 22:32:37.079"
"user:read","","","","2022-10-16 06:14:47.128","Romaguera","28","Tennie Keebler","482","true","false","love.reichel@gmail.com","239544","","","2022-08-05 03:58:02.713","43","2022-08-25 08:00:17.451"
"user:read","","","","2022-09-13 09:39:20.578","Buckridge","36","Yolande Hansen","483","false","false","emmett.hammes@gmail.com","486143","","","2022-08-24 05:10:38.759","40","2022-08-17 22:47:35.438"
"user:read","","","","2022-08-30 00:06:34.797","Kemmer","32","Danny Fadel","484","false","true","shin.aufderhar@gmail.com","254177","","","2022-08-25 06:50:15.885","11","2022-08-23 14:31:50.025"
"user:read","","","","2022-10-03 14:23:11.68","Schulist","15","Ken Yundt","485","true","true","maurice.wolff@hotmail.com","246091","","","2022-07-27 07:24:44.056","25","2022-08-26 00:25:14.245"
"user:read","","","","2022-09-06 14:41:01.219","Nader","37","Roseline Parisian","486","true","false","maryetta.powlowski@yahoo.com","154030","","","2022-08-10 23:05:45.346","27","2022-08-17 20:12:53.915"
"user:read","","","","2022-11-06 02:45:02.599","Glover","12","Wendell Dach","487","true","false","lloyd.mills@yahoo.com","297207","","","2022-08-19 18:05:00.579","40","2022-08-15 14:02:49.85"
"user:read","","","","2022-10-07 18:35:07.014","Langosh","31","Zonia Bogan","488","true","false","jackie.lemke@gmail.com","32873","","","2022-07-31 22:24:41.12","9","2022-08-19 12:30:59.872"
"user:read","","","","2022-08-31 23:08:01.504","McDermott","43","Mohammad Upton","489","true","false","margarito.bernhard@gmail.com","64708","","","2022-08-20 23:40:56.565","15","2022-08-12 04:07:54.127"
"user:read","","","","2022-09-18 07:50:16.696","Lakin","25","Teresa Wisoky Sr.","490","false","true","russell.willms@hotmail.com","102354","","","2022-08-08 13:16:54.983","26","2022-08-15 07:10:34.986"
"user:read","","","","2022-10-06 03:21:43.099","Huel","49","Yvonne Hickle","491","true","false","josefine.kessler@hotmail.com","416374","","","2022-08-18 15:09:21.199","28","2022-08-17 19:34:59.04"
"user:read","","","","2022-10-30 16:40:19.728","Prosacco","42","Nickie Brakus Jr.","492","true","true","malia.crist@yahoo.com","314545","","","2022-08-08 13:24:51.759","32","2022-08-21 13:12:09.025"
"user:read","","","","2022-09-01 04:50:29.78","Hermiston","32","Romelia Witting","493","false","false","wilfred.ohara@yahoo.com","313393","","","2022-08-03 16:49:02.829","16","2022-07-29 19:54:27.535"
"user:read","","","","2022-09-02 08:10:21.889","Kilback","23","Abbie Roob","494","true","false","fay.fay@gmail.com","59904","","","2022-08-12 22:50:09.867","30","2022-08-05 01:23:37.772"
"user:read","","","","2022-09-02 18:55:20.703","Greenholt","15","Hugh Waters","495","true","true","georgianna.larson@gmail.com","226583","","","2022-08-08 00:00:43.267","31","2022-08-26 04:12:37.715"
"user:read","","","","2022-10-09 21:09:50.37","Gleichner","14","Flossie Muller IV","496","true","true","christiane.jacobs@yahoo.com","480663","","","2022-08-25 21:10:53.94","1","2022-08-16 08:25:11.802"
"user:read","","","","2022-10-24 15:48:40.373","Bednar","31","Everette Kertzmann","497","true","false","dorinda.douglas@gmail.com","164169","","","2022-08-13 11:00:08.862","22","2022-08-19 20:46:54.863"
"user:read","","","","2022-09-03 12:18:34.897","Hartmann","10","Rachele Turner","498","true","true","farah.goldner@yahoo.com","161270","","","2022-08-23 15:56:03.091","18","2022-08-04 19:20:49.122"
"user:read","","","","2022-09-04 16:39:03.635","Torphy","34","Dorine Stracke","499","true","false","dodie.turcotte@gmail.com","242659","","","2022-08-25 16:12:37.644","46","2022-08-11 15:28:09.812"
"user:read","","","","2022-10-27 10:59:59.942","Lehner","9","Dr. Quinn Parisian","500","false","true","raleigh.hansen@hotmail.com","9799","","","2022-08-21 04:32:53.994","10","2022-08-07 21:37:22.386"
"user:read","","","","2022-09-02 04:09:21.806","Bartoletti","48","Carmen Collier MD","501","true","true","arnetta.koss@hotmail.com","401362","","","2022-08-18 18:03:40.44","31","2022-08-12 00:49:44.976"
"user:read","","","","2022-09-20 08:42:51.792","Gleason","47","Mallory Boyle","502","true","true","alexander.ferry@hotmail.com","86146","","","2022-08-12 15:35:04.198","48","2022-08-18 13:51:33.116"
"user:read","","","","2022-10-13 08:25:04.893","Kutch","21","Edmund Monahan","503","false","false","deangelo.dooley@yahoo.com","411532","","","2022-08-13 04:44:49.479","13","2022-08-18 23:08:14.553"
"user:read","","","","2022-09-25 13:13:06.672","Ritchie","11","Raymond O'Connell","504","true","true","helen.kshlerin@gmail.com","407849","","","2022-08-24 22:06:03.801","48","2022-08-22 08:19:45.604"
"user:read","","","","2022-09-28 18:04:07.792","Langosh","25","Carl Green Sr.","505","false","false","christian.bogan@hotmail.com","206926","","","2022-08-23 01:37:31.328","37","2022-08-17 01:03:34.487"
"user:read","","","","2022-11-17 18:52:58.775","Swift","46","Meggan Corwin","506","false","false","lorenzo.skiles@yahoo.com","406456","","","2022-08-19 00:17:59.735","48","2022-08-14 12:21:42.968"
"user:read","","","","2022-09-11 09:11:13.344","Carter","33","Daphine Reilly","507","true","false","freida.blick@gmail.com","249176","","","2022-08-23 07:15:03.609","28","2022-08-19 19:16:12.437"
"user:read","","","","2022-11-14 23:12:53.44","Beier","2","Stephnie MacGyver DDS","508","false","false","maranda.lynch@hotmail.com","120577","","","2022-07-31 17:11:41.773","20","2022-08-22 04:10:33.903"
"user:read","","","","2022-09-03 16:27:56.724","Crist","2","Jackelyn Brakus","509","true","false","sydney.zieme@hotmail.com","206361","","","2022-08-23 08:28:23.035","6","2022-08-18 21:57:50.624"
"user:read","","","","2022-10-09 09:38:12.923","Lowe","44","Leana Paucek","510","false","false","susann.marquardt@gmail.com","375808","","","2022-08-26 10:28:18.524","10","2022-08-19 22:30:18.046"
"user:read","","","","2022-10-16 20:58:09.492","Gorczany","49","Fredrick Hermiston","511","false","false","marx.rosenbaum@hotmail.com","436700","","","2022-08-09 14:26:12.533","4","2022-08-14 06:15:56.2"
"user:read","","","","2022-09-21 08:06:57.555","Buckridge","48","Jess Rippin","512","true","true","susie.mayert@gmail.com","97856","","","2022-08-16 21:16:52.223","24","2022-08-02 23:45:01.891"
"user:read","","","","2022-08-29 20:16:10.135","Wyman","13","Lisabeth Turner","513","false","true","clara.lind@hotmail.com","174877","","","2022-08-12 01:34:00.992","23","2022-08-04 09:25:29.506"
"user:read","","","","2022-10-04 11:25:27.123","Hoppe","38","Joetta Gislason PhD","514","true","false","sharita.jerde@yahoo.com","349102","","","2022-08-05 03:33:49.57","45","2022-08-03 17:12:18.688"
"user:read","","","","2022-08-29 04:08:29.248","Bayer","28","Cora Cremin","515","false","true","wilda.reinger@yahoo.com","134643","","","2022-08-23 21:24:33.713","19","2022-08-25 13:00:46.077"
"user:read","","","","2022-09-30 17:38:43.199","Orn","43","Mrs. Phylicia Cummings","516","true","true","charlesetta.upton@hotmail.com","378496","","","2022-08-15 06:32:04.886","5","2022-08-08 23:18:51.717"
"user:read","","","","2022-09-30 10:04:55.131","Dicki","46","Antonina Weimann","517","true","true","alfonso.prosacco@yahoo.com","306245","","","2022-08-08 10:59:18.308","8","2022-08-25 17:10:50.578"
"user:read","","","","2022-09-14 07:55:45.884","Bins","41","Karlyn White MD","518","true","false","angele.sipes@gmail.com","120291","","","2022-08-17 01:24:11.745","20","2022-08-13 12:34:24.137"
"user:read","","","","2022-11-02 18:59:42.27","Moen","44","Gayla Altenwerth","519","true","true","michiko.cormier@gmail.com","374265","","","2022-08-22 14:25:21.561","32","2022-08-15 07:44:03.152"
"user:read","","","","2022-09-27 11:33:12.528","Labadie","6","Noreen Maggio DVM","520","true","false","reggie.spencer@gmail.com","414450","","","2022-08-18 07:35:21.123","47","2022-07-29 19:11:28.226"
"user:read","","","","2022-09-12 16:26:46.127","Glover","31","Zachariah Klocko","521","true","false","noel.toy@yahoo.com","378860","","","2022-07-22 19:53:44.94","22","2022-08-18 23:59:11.918"
"user:read","","","","2022-09-09 08:50:39.139","King","49","Wynell Ritchie","522","true","false","odis.ernser@yahoo.com","173174","","","2022-07-21 07:34:35.568","17","2022-08-21 08:49:08.529"
"user:read","","","","2022-11-20 15:37:27.528","Farrell","30","Ruthie Parker","523","true","false","hollis.trantow@yahoo.com","177583","","","2022-08-16 01:22:37.788","50","2022-08-06 03:13:12.955"
"user:read","","","","2022-09-05 21:11:05.524","Fisher","1","Mr. Dorotha Beer","524","false","true","nydia.schuppe@hotmail.com","348024","","","2022-07-30 01:27:53.966","6","2022-07-18 18:29:29.733"
"user:read","","","","2022-09-14 09:41:57.492","Crona","28","Shaunda Feeney PhD","525","true","false","kris.spinka@hotmail.com","69490","","","2022-08-11 02:48:51.993","35","2022-08-13 05:28:17.957"
"user:read","","","","2022-10-03 22:54:25.817","Schumm","8","Kent Becker","526","true","false","josefa.hayes@gmail.com","355969","","","2022-08-16 00:26:01.198","12","2022-07-29 06:27:34.981"
"user:read","","","","2022-09-05 10:50:12.474","Harris","24","Tesha Gulgowski II","527","true","false","tam.bogisich@gmail.com","174052","","","2022-08-24 01:26:03.24","25","2022-08-17 06:13:23.024"
"user:read","","","","2022-09-14 05:30:47.474","Stiedemann","36","Desmond Welch","528","true","false","arlie.corwin@hotmail.com","64103","","","2022-08-14 03:25:02.677","6","2022-08-23 16:03:07.772"
"user:read","","","","2022-09-27 17:33:41.83","Hodkiewicz","12","Randolph Schneider","529","false","true","leida.bergnaum@gmail.com","58065","","","2022-08-23 13:45:36.133","41","2022-07-30 22:51:22.645"
"user:read","","","","2022-10-31 13:23:22.976","Roob","20","Mr. Eleonore Rempel","530","true","false","darron.mante@gmail.com","249524","","","2022-08-10 02:37:32.461","39","2022-07-24 01:33:49.664"
"user:read","","","","2022-10-28 01:32:29.365","Schiller","30","Mr. Reynalda Keebler","531","false","false","dylan.blanda@hotmail.com","384287","","","2022-08-22 09:35:39.521","15","2022-08-17 13:37:40.808"
"user:read","","","","2022-09-05 20:07:37.107","Murphy","4","Tod Mayer MD","532","false","true","whitney.grady@hotmail.com","139497","","","2022-08-04 19:18:26.551","21","2022-08-13 21:59:49.578"
"user:read","","","","2022-10-24 15:45:54.176","Kilback","21","Mr. Cinda Corwin","533","true","true","rudy.mcclure@gmail.com","80411","","","2022-08-10 09:13:54.269","16","2022-08-13 06:42:43.915"
"user:read","","","","2022-08-28 14:55:30.397","Toy","39","Dong Nicolas","534","true","false","ying.hackett@gmail.com","322712","","","2022-08-25 16:19:27.695","35","2022-08-26 05:51:47.235"
"user:read","","","","2022-10-08 04:28:44.649","Green","18","Ms. Kayce Greenfelder","535","false","false","marion.rodriguez@yahoo.com","448530","","","2022-08-26 03:58:02.139","45","2022-08-16 11:45:12.276"
"user:read","","","","2022-09-07 17:21:47.447","Mann","16","Clotilde Kutch II","536","true","false","conception.lueilwitz@hotmail.com","361195","","","2022-08-08 17:42:56.048","16","2022-08-19 15:38:42.512"
"user:read","","","","2022-09-05 14:26:26.625","Hickle","17","Ms. Giuseppe Fisher","537","true","false","raymundo.hickle@hotmail.com","394504","","","2022-08-15 19:39:02.577","43","2022-08-02 07:24:39.73"
"user:read","","","","2022-09-13 03:25:22.445","Watsica","11","Alaine Breitenberg","538","true","false","charise.schimmel@hotmail.com","325738","","","2022-07-26 05:15:04.147","21","2022-07-29 14:39:07.907"
"user:read","","","","2022-10-28 02:25:37.077","Windler","48","Claudio Gutmann V","539","false","true","claudio.doyle@yahoo.com","132346","","","2022-08-05 01:24:46.916","28","2022-07-30 12:03:24.804"
"user:read","","","","2022-09-06 23:39:26.089","O'Keefe","16","Andrea Johns","540","true","false","zane.homenick@yahoo.com","4708","","","2022-08-23 16:48:01.962","44","2022-08-26 11:56:08.286"
"user:read","","","","2022-10-16 07:44:14.966","Mitchell","34","Mrs. Eugenio Mohr","541","true","true","millard.strosin@hotmail.com","278100","","","2022-08-13 18:32:54.568","32","2022-08-23 06:52:24.323"
"user:read","","","","2022-11-09 14:23:42.694","Conroy","4","Love Hegmann","542","false","true","ariel.wintheiser@yahoo.com","271386","","","2022-08-21 06:26:29.572","48","2022-08-22 10:25:18.733"
"user:read","","","","2022-10-21 16:37:00.953","Pfeffer","32","Mel Casper","543","true","true","paulette.gutmann@gmail.com","431301","","","2022-08-24 06:29:46.7","3","2022-07-31 07:48:25.538"
"user:read","","","","2022-09-05 23:30:51.179","Wunsch","19","Beverlee Kihn","544","true","true","mario.howell@hotmail.com","27622","","","2022-08-02 02:38:05.866","1","2022-07-24 19:04:26.822"
"user:read","","","","2022-08-28 23:04:03.022","Kiehn","24","Rene Corwin","545","true","true","miguel.beahan@yahoo.com","91306","","","2022-07-14 17:31:45.858","29","2022-08-10 01:14:27.243"
"user:read","","","","2022-10-06 01:05:46.666","Keeling","47","Garret Quigley","546","true","false","fred.gibson@yahoo.com","268335","","","2022-08-25 22:28:56.656","49","2022-08-26 07:59:13.757"
"user:read","","","","2022-09-27 19:40:33.393","Boehm","30","Teofila Keeling","547","true","false","sherman.walter@gmail.com","427755","","","2022-08-24 07:35:17.038","4","2022-08-22 06:36:24.641"
"user:read","","","","2022-09-01 18:03:00.45","Dare","2","Romeo O'Hara","548","true","true","bruce.gerhold@yahoo.com","357990","","","2022-07-31 14:23:21.562","50","2022-08-12 22:08:43.03"
"user:read","","","","2022-10-02 08:52:01.935","Strosin","30","Tomas Fadel","549","false","true","katelin.reilly@yahoo.com","122105","","","2022-08-14 16:10:49.651","15","2022-08-20 17:20:32.837"
"user:read","","","","2022-09-19 15:58:37.136","Anderson","25","Quintin Kub","550","true","false","linnea.streich@gmail.com","229277","","","2022-08-08 18:22:11.658","42","2022-07-29 10:38:33.036"
"user:read","","","","2022-10-11 18:27:05.976","Jacobson","28","Miss Conrad Reilly","551","false","true","miquel.heathcote@yahoo.com","170781","","","2022-08-23 23:35:39.755","3","2022-08-24 06:28:35.683"
"user:read","","","","2022-10-03 06:01:46.982","Wilderman","37","Edward Wiegand","552","false","false","ilda.damore@gmail.com","167820","","","2022-08-22 23:00:53.504","26","2022-08-26 09:11:12.348"
"user:read","","","","2022-09-08 12:52:02.83","Franecki","43","Abe Rohan","553","false","false","lilliam.sipes@hotmail.com","204213","","","2022-08-22 07:30:25.377","12","2022-08-01 16:46:12.626"
"user:read","","","","2022-10-15 12:00:42.034","Price","16","Delta Johns","554","false","false","merna.wilkinson@gmail.com","370111","","","2022-08-18 03:54:58.638","46","2022-08-10 06:01:01.308"
"user:read","","","","2022-08-28 12:18:36.64","Lueilwitz","20","Sierra McCullough","555","true","true","donald.auer@yahoo.com","258222","","","2022-08-21 17:27:39.784","44","2022-08-12 01:34:18.154"
"user:read","","","","2022-08-30 11:47:21.326","Jast","24","Jessie Lebsack","556","true","false","loren.auer@yahoo.com","290897","","","2022-08-22 01:13:51.35","27","2022-08-14 09:41:29.252"
"user:read","","","","2022-09-14 22:04:51.951","Rempel","47","Mrs. Royal Jacobson","557","false","false","carson.kris@hotmail.com","473138","","","2022-08-22 18:07:43.977","1","2022-08-25 16:21:43.083"
"user:read","","","","2022-09-26 05:26:02.675","Kreiger","39","Mrs. Jed O'Kon","558","false","false","lionel.christiansen@hotmail.com","282698","","","2022-08-08 19:29:25.862","40","2022-08-21 02:03:24.901"
"user:read","","","","2022-08-31 19:55:49.959","Jerde","13","Oscar Koepp V","559","true","true","mozell.swaniawski@hotmail.com","206330","","","2022-08-06 06:55:00.751","24","2022-08-14 20:43:31.324"
"user:read","","","","2022-09-01 02:37:42.993","Christiansen","48","Dedra Kirlin","560","false","true","antonetta.mitchell@yahoo.com","484246","","","2022-08-11 17:11:49.074","22","2022-08-16 19:06:58.082"
"user:read","","","","2022-11-03 01:16:25.087","Nolan","44","Jestine Bergnaum","561","true","false","jody.hoppe@yahoo.com","472106","","","2022-07-30 02:28:32.09","38","2022-08-24 23:37:16.964"
"user:read","","","","2022-09-22 02:14:32.113","Hermiston","29","Hal Lemke","562","false","false","timmy.feeney@hotmail.com","418008","","","2022-08-04 22:01:04.239","6","2022-07-29 16:27:26.517"
"user:read","","","","2022-09-13 09:46:02.209","Breitenberg","21","Marty Bogan","563","true","false","raleigh.witting@gmail.com","193079","","","2022-08-26 13:10:22.913","46","2022-08-16 13:41:57.71"
"user:read","","","","2022-10-07 17:26:34.24","Blick","34","Ms. Rickie Volkman","564","true","false","moshe.gaylord@gmail.com","354016","","","2022-08-24 10:54:06.289","37","2022-08-12 11:36:27.908"
"user:read","","","","2022-11-06 05:02:24.584","Hansen","40","Treva Rodriguez","565","true","false","shara.okeefe@yahoo.com","306887","","","2022-08-18 00:24:27.784","13","2022-08-01 21:33:24.118"
"user:read","","","","2022-08-28 15:36:33.556","Lakin","15","Miss Glendora Little","566","true","true","stepanie.cassin@hotmail.com","109627","","","2022-08-23 21:38:54.348","29","2022-07-30 13:06:40.582"
"user:read","","","","2022-09-02 18:04:43.717","Bernier","19","Lanell Ziemann","567","true","false","humberto.collins@yahoo.com","296468","","","2022-08-23 04:47:11.032","21","2022-08-25 06:37:22.116"
"user:read","","","","2022-08-30 07:43:26.517","Jacobson","18","Nickolas Hintz","568","true","false","sydney.green@yahoo.com","204447","","","2022-08-11 08:14:41.934","49","2022-08-19 19:51:54.383"
"user:read","","","","2022-09-16 00:27:09.024","Hickle","42","Lisette Swaniawski","569","true","false","joesph.kovacek@yahoo.com","128655","","","2022-08-04 23:13:37.637","26","2022-08-20 12:35:43.821"
"user:read","","","","2022-09-08 10:10:28.111","Ernser","49","Aron Graham","570","false","false","yuko.buckridge@hotmail.com","368887","","","2022-08-13 12:48:01.067","10","2022-08-25 01:06:10.557"
"user:read","","","","2022-11-12 10:16:55.616","Lubowitz","11","Ulysses Franecki","571","true","false","buck.pacocha@gmail.com","139177","","","2022-08-05 12:21:49.883","42","2022-08-06 12:03:42.904"
"user:read","","","","2022-09-20 04:25:04.358","Schultz","42","Christel Shields","572","true","true","shery.price@hotmail.com","420236","","","2022-08-16 03:47:30.535","27","2022-08-07 07:20:58.812"
"user:read","","","","2022-09-05 01:35:35.953","Nienow","16","Gonzalo Schneider","573","true","true","gaylord.wolff@hotmail.com","236526","","","2022-08-22 01:36:27.782","35","2022-07-15 18:07:09.447"
"user:read","","","","2022-09-26 23:54:48.32","Turner","8","Donnie Gibson","574","true","true","sixta.turner@gmail.com","235302","","","2022-08-24 23:10:09.825","50","2022-08-04 13:21:49.19"
"user:read","","","","2022-10-26 10:45:06.662","Mertz","4","Harold Abshire","575","false","true","lynwood.goldner@gmail.com","312006","","","2022-08-14 20:34:46.223","42","2022-08-23 04:04:05.963"
"user:read","","","","2022-10-02 12:44:00.545","Tromp","41","Mr. Wilburn Dibbert","576","true","false","marcelle.borer@yahoo.com","5446","","","2022-07-24 14:16:56.579","33","2022-08-21 19:53:33.093"
"user:read","","","","2022-09-06 22:49:54.225","Mann","23","Burt Stehr","577","true","false","rosendo.lubowitz@gmail.com","278324","","","2022-08-12 07:24:17.544","1","2022-08-24 08:08:45.231"
"user:read","","","","2022-09-05 14:42:29.898","Morissette","9","Miyoko Beer","578","false","true","maurice.stiedemann@yahoo.com","457833","","","2022-08-03 19:47:50.754","7","2022-08-12 16:38:00.354"
"user:read","","","","2022-08-26 21:28:37.697","Langworth","8","Janina Watsica V","579","false","true","roy.fay@yahoo.com","187743","","","2022-08-21 14:50:06.58","16","2022-08-24 20:42:51.614"
"user:read","","","","2022-10-23 17:00:45.002","Hoppe","47","Allena Keeling V","580","false","true","jacinto.mertz@hotmail.com","82185","","","2022-08-12 03:20:22.866","16","2022-08-25 13:04:54.185"
"user:read","","","","2022-09-18 04:47:30.849","Ferry","21","Anette Bechtelar MD","581","true","false","rey.beahan@gmail.com","405870","","","2022-08-06 23:55:42.16","29","2022-08-22 13:16:14.862"
"user:read","","","","2022-09-13 16:58:43.628","Cummerata","25","Graig Barrows","582","true","false","chas.casper@gmail.com","234493","","","2022-08-19 12:27:36.366","14","2022-08-17 09:23:44.309"
"user:read","","","","2022-08-26 14:48:38.652","Wilkinson","41","Jewel Ebert DDS","583","true","true","eusebia.macgyver@yahoo.com","16350","","","2022-08-23 08:48:38.367","22","2022-08-15 15:26:47.572"
"user:read","","","","2022-08-30 06:01:53.267","Buckridge","2","Birdie Kreiger","584","true","true","antonio.fahey@hotmail.com","176108","","","2022-07-31 04:45:56.131","5","2022-08-19 22:22:41.087"
"user:read","","","","2022-10-10 07:04:10.308","Carter","12","Jamaal Cassin","585","true","true","yasmine.stokes@yahoo.com","312886","","","2022-08-25 21:22:12.116","13","2022-08-21 06:50:08.02"
"user:read","","","","2022-09-06 03:46:37.989","Mante","19","Jerome Kessler Sr.","586","false","true","lester.predovic@gmail.com","149530","","","2022-08-18 04:26:04.291","26","2022-08-21 09:50:55.384"
"user:read","","","","2022-10-10 20:49:51.486","Gorczany","24","Adolfo Rath","587","true","false","elvis.barton@hotmail.com","213333","","","2022-08-07 07:13:49.287","43","2022-07-22 22:26:07.522"
"user:read","","","","2022-09-10 05:16:19.096","Powlowski","24","Vern MacGyver","588","false","true","victoria.sipes@yahoo.com","20347","","","2022-08-24 03:07:16.965","20","2022-08-25 21:43:29.558"
"user:read","","","","2022-09-27 05:50:29.257","Mraz","5","Trista Dare","589","true","false","lanelle.christiansen@yahoo.com","294482","","","2022-08-21 00:47:27.845","8","2022-07-27 10:04:03.302"
"user:read","","","","2022-09-17 07:29:46.508","Bogan","41","Selene Russel","590","true","false","garrett.tremblay@hotmail.com","317931","","","2022-08-01 00:34:18.843","28","2022-08-07 00:08:48.962"
"user:read","","","","2022-08-29 13:39:33.808","Spinka","38","Trinidad Borer PhD","591","false","true","franklyn.jerde@hotmail.com","368998","","","2022-08-24 20:04:46.617","36","2022-08-24 10:14:41.438"
"user:read","","","","2022-10-05 16:17:29.877","Schulist","28","Shavonne Davis","592","true","false","geraldo.wiegand@hotmail.com","50444","","","2022-08-24 05:49:01.069","36","2022-07-30 19:49:25.28"
"user:read","","","","2022-09-15 00:04:50.277","Cummings","47","Josefine Kling","593","true","true","hans.murphy@yahoo.com","151799","","","2022-08-08 17:23:45.458","46","2022-08-25 20:33:41.761"
"user:read","","","","2022-09-17 00:35:29.667","Metz","8","Fredric Ortiz Jr.","594","true","true","fred.block@hotmail.com","139798","","","2022-08-12 00:00:01.49","29","2022-08-22 11:39:58.823"
"user:read","","","","2022-10-29 03:48:33.914","Swift","40","Brendan Walter","595","true","true","bonny.carroll@hotmail.com","355056","","","2022-08-09 17:26:35.004","41","2022-07-30 12:57:13.624"
"user:read","","","","2022-08-27 18:05:02.347","Cole","28","Tai Willms","596","true","true","karl.macejkovic@yahoo.com","466343","","","2022-08-25 15:52:52.427","25","2022-08-05 11:03:00.983"
"user:read","","","","2022-09-21 01:19:15.519","Cormier","48","Miquel Kuhic","597","false","false","drew.bergnaum@gmail.com","320882","","","2022-08-16 23:15:01.469","11","2022-08-25 10:14:34.92"
"user:read","","","","2022-09-05 01:10:07.828","Skiles","12","Joannie Reilly","598","false","false","sebastian.heidenreich@hotmail.com","115891","","","2022-08-12 23:47:53.491","16","2022-08-22 10:13:22.453"
"user:read","","","","2022-09-10 03:12:23.981","Bode","46","Mrs. Vertie Zulauf","599","false","true","signe.kozey@gmail.com","173707","","","2022-08-23 08:24:29.577","26","2022-08-14 11:26:29.596"
"user:read","","","","2022-09-24 23:59:07.752","Paucek","17","Alberto Nader","600","false","true","vaughn.spencer@yahoo.com","188331","","","2022-07-25 19:15:30.501","46","2022-08-25 19:47:13.899"
"user:read","","","","2022-09-12 20:04:42.795","Brakus","32","Olen Turner","601","true","true","rosario.stokes@hotmail.com","54895","","","2022-08-20 13:14:15.384","20","2022-08-17 13:00:58.731"
"user:read","","","","2022-09-02 15:15:03.502","Howell","48","Adolfo Metz","602","true","false","laraine.leannon@yahoo.com","233686","","","2022-08-25 04:17:22.424","31","2022-08-05 00:16:27.318"
"user:read","","","","2022-10-07 08:00:08.824","Gottlieb","33","Junita Lakin","603","true","true","johnnie.volkman@hotmail.com","88108","","","2022-08-19 18:24:42.144","1","2022-08-13 16:29:23.269"
"user:read","","","","2022-09-05 02:14:09.559","Kuhn","31","Reva Donnelly","604","true","true","rodney.miller@gmail.com","407027","","","2022-08-23 19:22:05.946","17","2022-08-22 23:39:10.611"
"user:read","","","","2022-10-11 17:30:55.087","Mayert","7","Miss Zenobia Abbott","605","false","true","adriana.klein@hotmail.com","313337","","","2022-08-26 04:41:06.8","31","2022-08-05 12:04:54.605"
"user:read","","","","2022-09-08 08:19:01.637","Hickle","11","Dr. Irma Jacobi","606","true","true","inger.deckow@yahoo.com","372964","","","2022-08-13 23:36:44.534","12","2022-07-09 09:42:41.025"
"user:read","","","","2022-09-11 09:06:28.889","Schroeder","38","Sidney Hermann","607","false","false","yen.rau@hotmail.com","13874","","","2022-08-18 11:22:43.129","42","2022-08-10 05:35:33.066"
"user:read","","","","2022-10-14 07:34:45.171","Veum","13","Annalee Halvorson","608","false","false","elwood.kozey@gmail.com","54964","","","2022-08-06 02:41:57.757","12","2022-08-04 22:56:22.741"
"user:read","","","","2022-10-20 23:47:53.661","Willms","28","Miss Vicente Hayes","609","false","true","dwight.abbott@hotmail.com","62437","","","2022-08-25 05:22:40.386","5","2022-08-25 04:16:22.409"
"user:read","","","","2022-10-17 12:02:49.017","Kshlerin","46","Glayds White DDS","610","true","true","kati.heathcote@yahoo.com","87414","","","2022-08-20 06:45:31.358","1","2022-08-22 07:06:45.592"
"user:read","","","","2022-09-17 04:39:39.897","Raynor","33","Suzi Crona","611","true","true","chang.ryan@gmail.com","210162","","","2022-08-11 19:11:22.724","47","2022-08-12 01:25:44.409"
"user:read","","","","2022-09-26 23:33:32.778","Dach","46","Bill Daniel","612","false","false","lorna.crist@yahoo.com","430254","","","2022-08-22 08:21:02.525","18","2022-08-25 07:53:29.436"
"user:read","","","","2022-09-09 00:17:29.585","Swift","34","Nancie Hodkiewicz","613","true","true","dale.daugherty@yahoo.com","48801","","","2022-08-13 22:04:10.818","41","2022-08-22 15:51:40.32"
"user:read","","","","2022-08-26 17:11:07.234","Ankunding","34","Damian Weber","614","false","false","brent.marvin@yahoo.com","100301","","","2022-07-27 11:55:29.315","11","2022-08-10 11:59:37.441"
"user:read","","","","2022-08-28 15:46:50.928","Corwin","47","Mellie Bayer","615","false","false","mary.haag@yahoo.com","306112","","","2022-08-08 18:12:48.151","10","2022-07-24 01:26:48.958"
"user:read","","","","2022-09-18 17:15:49.637","Borer","26","Len Schultz","616","false","true","sydney.waters@hotmail.com","346059","","","2022-08-10 10:35:51.762","6","2022-08-11 08:24:29.152"
"user:read","","","","2022-09-28 00:49:28.377","Ziemann","8","Claretta Jast","617","true","true","demetrius.lemke@gmail.com","310992","","","2022-08-05 14:58:45.449","46","2022-08-19 01:08:47.147"
"user:read","","","","2022-08-26 21:56:18.043","Jakubowski","43","Darren Jones","618","true","false","harry.jaskolski@yahoo.com","269579","","","2022-08-20 11:02:36.25","29","2022-08-22 22:17:47.394"
"user:read","","","","2022-10-06 07:45:33.951","Walker","27","Alessandra Aufderhar","619","false","true","stanton.walsh@gmail.com","108208","","","2022-08-21 03:07:50.341","37","2022-08-19 08:03:07.544"
"user:read","","","","2022-09-04 19:51:47.197","Bayer","42","Alan Batz Jr.","620","true","true","foster.strosin@yahoo.com","387489","","","2022-08-17 12:34:18.345","8","2022-07-23 18:57:23.57"
"user:read","","","","2022-09-12 04:34:43.11","Mosciski","8","Tiesha Erdman","621","false","true","craig.johns@hotmail.com","1117","","","2022-08-21 02:17:27.74","1","2022-08-10 02:14:35.055"
"user:read","","","","2022-09-05 09:39:36.57","Farrell","4","Arron McGlynn","622","true","false","wm.kutch@yahoo.com","203603","","","2022-08-13 18:27:43.328","20","2022-08-21 23:56:53.211"
"user:read","","","","2022-08-27 21:38:14.664","Bosco","36","Jasmin Batz","623","false","true","andre.bergnaum@yahoo.com","66776","","","2022-08-06 03:18:19.969","15","2022-08-25 14:00:24.163"
"user:read","","","","2022-09-15 11:22:21.345","Hammes","37","Christopher Mitchell","624","false","false","bok.rath@gmail.com","482898","","","2022-08-17 06:47:25.586","50","2022-08-23 21:54:19.81"
"user:read","","","","2022-08-29 12:57:03.199","Armstrong","40","Nadene Buckridge","625","false","false","bert.nitzsche@gmail.com","126381","","","2022-08-19 05:26:55.374","17","2022-08-20 23:12:32.21"
"user:read","","","","2022-09-25 13:39:55.939","Keebler","43","Kieth King","626","true","false","kennith.macgyver@gmail.com","2262","","","2022-07-25 01:13:04.933","32","2022-08-22 01:34:59.154"
"user:read","","","","2022-09-30 09:09:15.305","Hahn","48","Lidia Kessler","627","true","false","sarah.kuhn@hotmail.com","162347","","","2022-08-25 10:42:02.214","2","2022-08-07 07:19:03.122"
"user:read","","","","2022-10-04 06:19:00.037","Miller","6","Corey Crist","628","true","true","chauncey.pfeffer@gmail.com","68180","","","2022-08-26 01:35:45.136","27","2022-08-04 07:36:50.881"
"user:read","","","","2022-09-20 07:11:20.23","Wolf","49","Laronda Gorczany","629","true","true","melvin.wiza@hotmail.com","319387","","","2022-08-11 16:36:14.048","24","2022-08-08 00:44:14.963"
"user:read","","","","2022-09-02 18:04:37.302","Lowe","49","Yuki Rippin","630","false","false","ivory.stokes@gmail.com","309587","","","2022-07-18 12:53:32.14","30","2022-08-13 10:45:07.443"
"user:read","","","","2022-09-01 10:53:00.352","Jenkins","27","Philomena Larson Sr.","631","false","false","reggie.will@gmail.com","283296","","","2022-08-13 22:52:02.362","47","2022-08-11 12:35:40.725"
"user:read","","","","2022-11-02 17:12:37.106","Satterfield","44","Nikole Flatley","632","false","false","lyman.huel@hotmail.com","184955","","","2022-08-19 02:14:37.445","29","2022-07-31 01:17:59.863"
"user:read","","","","2022-10-14 00:18:14.647","Carter","17","Angila Berge","633","true","true","jack.mccullough@yahoo.com","34194","","","2022-08-17 16:13:05.655","17","2022-08-24 10:55:54.636"
"user:read","","","","2022-10-10 21:42:35.77","Marvin","6","Clair Murray","634","true","true","wes.gibson@yahoo.com","486078","","","2022-08-17 16:17:11.606","39","2022-08-05 09:17:37.147"
"user:read","","","","2022-08-27 23:06:07.995","Cassin","9","Erik Abernathy","635","false","false","victor.veum@yahoo.com","276747","","","2022-07-21 17:41:02.218","12","2022-08-21 15:37:29.109"
"user:read","","","","2022-09-12 23:56:16.494","Cronin","40","Gonzalo Heaney","636","true","true","regan.hermiston@gmail.com","172235","","","2022-07-15 18:43:59.902","17","2022-08-15 04:33:15.698"
"user:read","","","","2022-08-29 14:07:55.618","Bahringer","20","Latashia Hirthe MD","637","true","false","germaine.schaefer@yahoo.com","96463","","","2022-08-24 11:00:55.676","7","2022-08-21 20:23:27.909"
"user:read","","","","2022-09-12 13:20:37.955","Parisian","8","Natalie Donnelly","638","false","true","ethan.sporer@gmail.com","281435","","","2022-08-15 16:08:00.469","30","2022-08-04 19:51:17.632"
"user:read","","","","2022-10-12 06:35:05.99","Larkin","4","Shiela Ledner","639","true","false","francisco.hayes@hotmail.com","294941","","","2022-08-26 00:55:53.362","25","2022-08-10 22:57:03.679"
"user:read","","","","2022-09-15 19:09:59.161","Price","2","Regenia O'Reilly II","640","true","true","jamie.yost@gmail.com","441096","","","2022-08-12 06:46:00.861","37","2022-08-03 04:49:53.823"
"user:read","","","","2022-11-29 20:39:13.992","Collier","2","Mariette Simonis","641","false","true","percy.gaylord@hotmail.com","374672","","","2022-08-23 01:55:33.971","31","2022-08-16 02:30:39.662"
"user:read","","","","2022-09-08 22:57:33.44","Nienow","27","Gene Feeney","642","false","false","arthur.pfeffer@gmail.com","306654","","","2022-07-22 14:33:34.321","34","2022-08-26 01:26:08.218"
"user:read","","","","2022-09-10 02:27:04.356","Jones","20","Corrin Parker","643","false","true","melodie.gulgowski@yahoo.com","124478","","","2022-08-08 19:46:58.132","42","2022-07-21 07:47:11.296"
"user:read","","","","2022-08-27 18:09:10.767","Denesik","12","Mauricio Gusikowski","644","false","false","carroll.brekke@hotmail.com","166397","","","2022-08-22 05:50:08.065","29","2022-08-21 21:52:44.895"
"user:read","","","","2022-08-28 12:08:15.366","Homenick","18","Mr. Golden Stoltenberg","645","false","true","lynwood.ritchie@hotmail.com","3666","","","2022-08-12 02:02:22.2","31","2022-08-26 06:29:45.258"
"user:read","","","","2022-08-27 00:07:17.09","Cummings","25","Babette Weimann","646","false","true","winston.kilback@hotmail.com","326059","","","2022-08-19 12:58:57.967","16","2022-08-19 01:28:17.22"
"user:read","","","","2022-08-29 23:07:41.93","Rippin","10","Miss Wilton Terry","647","false","false","russell.kerluke@yahoo.com","70668","","","2022-08-10 02:37:13.124","18","2022-08-18 19:29:29.947"
"user:read","","","","2022-09-13 15:22:44.289","Ward","10","Dr. Cesar Nader","648","false","true","sherilyn.durgan@hotmail.com","180984","","","2022-08-24 10:04:36.027","5","2022-08-23 05:47:29.237"
"user:read","","","","2022-10-04 01:10:04.407","Rowe","26","Donnell Homenick","649","false","false","patricia.ruecker@hotmail.com","246416","","","2022-08-18 00:12:14.687","42","2022-08-18 08:51:28.74"
"user:read","","","","2022-08-30 11:13:49.041","Yundt","22","Isidro Hills IV","650","false","true","sherell.fay@yahoo.com","418988","","","2022-08-07 03:09:56.144","16","2022-08-18 13:58:31.282"
"user:read","","","","2022-10-05 01:38:24.543","Beahan","23","Muoi Brakus","651","false","true","cedrick.schroeder@yahoo.com","215938","","","2022-08-23 04:54:27.084","40","2022-08-07 00:14:30.827"
"user:read","","","","2022-09-03 11:29:26.849","Funk","49","Elmer Boyer","652","false","true","amado.morissette@gmail.com","78515","","","2022-08-18 07:57:18.073","32","2022-08-23 17:05:29.302"
"user:read","","","","2022-10-25 10:04:56.848","Halvorson","23","Norbert Hodkiewicz","653","true","false","chris.leffler@gmail.com","208262","","","2022-08-20 17:32:11.978","6","2022-08-17 22:13:44.95"
"user:read","","","","2022-08-28 16:09:44.661","McClure","33","Haywood Herman","654","true","false","rosario.stoltenberg@yahoo.com","179488","","","2022-07-26 07:47:21.433","47","2022-08-19 05:59:56.725"
"user:read","","","","2022-09-25 01:27:12.67","Jacobs","2","Penni Stiedemann","655","true","false","paul.baumbach@hotmail.com","170321","","","2022-08-25 22:23:48.485","31","2022-08-21 01:03:56.405"
"user:read","","","","2022-09-23 20:54:53.171","Christiansen","20","Lesley Witting Jr.","656","false","true","chuck.grady@gmail.com","282613","","","2022-08-26 08:49:59.553","45","2022-08-01 17:35:06.166"
"user:read","","","","2022-09-14 10:12:54.709","Hilpert","35","Ms. Apolonia Stiedemann","657","true","false","alvaro.metz@yahoo.com","262988","","","2022-08-22 13:00:17.849","47","2022-08-22 07:22:08.628"
"user:read","","","","2022-10-19 12:12:34.35","Greenholt","26","Marshall Wehner","658","true","false","kisha.lemke@hotmail.com","458781","","","2022-08-25 10:57:55.877","37","2022-07-19 12:31:39.788"
"user:read","","","","2022-09-02 03:49:10.02","Pollich","3","Ozella Kuhlman","659","false","true","leonardo.ryan@yahoo.com","367452","","","2022-07-19 11:28:54.039","32","2022-08-10 23:52:38.183"
"user:read","","","","2022-09-26 22:20:45.653","Swaniawski","18","Rocky Pfannerstill DDS","660","true","true","dannette.ebert@yahoo.com","76143","","","2022-08-23 21:18:56.564","46","2022-07-18 17:25:50.511"
"user:read","","","","2022-10-04 19:04:41.098","Legros","15","Marylouise Jerde","661","true","true","malissa.murazik@gmail.com","63537","","","2022-08-07 03:20:44.82","36","2022-08-24 02:23:23.021"
"user:read","","","","2022-10-09 01:20:50.623","Williamson","36","Coleen Sipes I","662","false","false","donna.pollich@hotmail.com","312002","","","2022-08-24 13:20:21.732","48","2022-08-25 19:52:25.546"
"user:read","","","","2022-08-29 15:07:07.241","Boehm","45","Krystle Baumbach","663","true","false","daryl.hamill@gmail.com","338663","","","2022-07-22 12:58:27.971","23","2022-08-26 02:20:57.277"
"user:read","","","","2022-08-29 04:55:46.983","Schmidt","31","Assunta Wolff DDS","664","false","false","roman.zboncak@yahoo.com","482690","","","2022-08-21 19:46:03.536","46","2022-08-18 04:37:59.891"
"user:read","","","","2022-08-28 17:31:32.955","Braun","9","Ching Labadie","665","true","false","noah.strosin@gmail.com","445466","","","2022-08-02 10:24:14.682","16","2022-07-18 22:11:16.762"
"user:read","","","","2022-09-06 00:50:10.263","Bode","4","Miss Tom Cummerata","666","true","true","blaine.parker@gmail.com","267638","","","2022-08-17 09:11:13.087","34","2022-08-21 17:31:12.328"
"user:read","","","","2022-09-06 17:07:45.294","Rau","31","Denis Pollich PhD","667","true","true","zonia.maggio@gmail.com","354995","","","2022-07-23 21:03:04.529","48","2022-08-15 06:23:30.404"
"user:read","","","","2022-11-08 15:07:50.728","Zemlak","28","Fabiola Hackett","668","true","true","kenya.schowalter@hotmail.com","309498","","","2022-08-25 15:30:58.958","41","2022-08-07 18:58:59.971"
"user:read","","","","2022-09-03 23:21:40.376","Kutch","17","Napoleon Cruickshank","669","true","false","clare.kunde@gmail.com","463019","","","2022-08-05 19:47:15.336","49","2022-08-25 22:04:17.143"
"user:read","","","","2022-10-12 06:32:47.944","Carter","3","Lacey Gutmann DDS","670","false","false","odette.treutel@yahoo.com","355696","","","2022-08-12 18:51:08.196","42","2022-08-08 15:58:45.945"
"user:read","","","","2022-09-23 02:19:57.702","Russel","35","Ricky Hoppe","671","true","false","tory.orn@yahoo.com","235799","","","2022-08-24 17:20:57.865","31","2022-08-02 06:21:12.962"
"user:read","","","","2022-08-31 12:55:34.827","Mills","34","Lucio Koss","672","true","true","fletcher.homenick@gmail.com","206312","","","2022-08-06 04:18:34.674","31","2022-08-21 22:05:33.244"
"user:read","","","","2022-08-30 10:30:06.355","Wuckert","35","Marna Bechtelar","673","false","true","marvis.donnelly@hotmail.com","55741","","","2022-07-20 00:12:07.471","46","2022-07-24 22:14:21.767"
"user:read","","","","2022-09-07 09:48:31.213","Purdy","6","Toshia Stroman Jr.","674","false","false","willis.mcclure@gmail.com","449842","","","2022-08-24 22:47:07.716","46","2022-08-22 16:53:02.156"
"user:read","","","","2022-10-05 04:31:21.934","Witting","11","Vern Ledner","675","true","true","adolph.kuhlman@gmail.com","392097","","","2022-08-06 10:28:47.061","15","2022-08-03 00:16:33.917"
"user:read","","","","2022-08-26 22:03:47.034","Larkin","3","Helene Johnson","676","false","true","concepcion.auer@gmail.com","445815","","","2022-08-21 18:59:28.143","8","2022-08-02 03:15:03.758"
"user:read","","","","2022-08-29 07:42:26.327","Hoppe","47","Monroe Gleichner","677","true","true","oren.ratke@hotmail.com","100930","","","2022-08-19 20:04:36.739","44","2022-07-21 17:08:34.569"
"user:read","","","","2022-10-22 04:08:10.955","Blick","6","Cornelius Romaguera","678","true","false","chung.mclaughlin@gmail.com","104669","","","2022-08-20 19:09:26.192","28","2022-08-18 17:26:10.545"
"user:read","","","","2022-10-28 03:37:11.595","Upton","29","Fausto Mayert","679","false","false","felicidad.kihn@yahoo.com","22596","","","2022-08-19 01:52:18.426","41","2022-08-10 18:24:38.051"
"user:read","","","","2022-09-01 16:51:26.828","Johns","33","Claudio Johnson","680","true","true","abel.oconner@hotmail.com","217278","","","2022-08-22 03:23:03.889","38","2022-08-04 15:40:32.738"
"user:read","","","","2022-10-13 09:56:17.399","Gaylord","17","Reed Osinski","681","true","false","leslee.becker@yahoo.com","442501","","","2022-08-09 19:30:52.026","43","2022-08-15 19:16:19.256"
"user:read","","","","2022-08-29 16:03:59.748","Nicolas","25","Miss Janine Adams","682","true","false","sydney.bernier@hotmail.com","290631","","","2022-07-22 23:40:49.106","23","2022-08-19 00:14:21.108"
"user:read","","","","2022-09-28 14:40:55.003","Schulist","42","Gavin Kuphal DDS","683","true","false","rolland.bergstrom@gmail.com","38908","","","2022-08-14 17:09:43.443","36","2022-08-25 14:19:35.04"
"user:read","","","","2022-08-28 04:47:24.033","Gleichner","34","Ahmad Jenkins","684","true","true","newton.nader@yahoo.com","233007","","","2022-07-16 10:22:47.93","48","2022-08-10 16:09:23.399"
"user:read","","","","2022-09-25 08:35:26.375","Dietrich","2","Mrs. Keneth Kunde","685","true","false","holli.schumm@yahoo.com","153820","","","2022-08-10 17:29:55.406","10","2022-08-26 13:18:13.252"
"user:read","","","","2022-09-24 09:19:50.347","Lynch","49","Martha Runolfsdottir","686","false","true","wendolyn.howell@yahoo.com","457750","","","2022-08-24 01:48:39.482","49","2022-08-14 17:17:04.439"
"user:read","","","","2022-09-21 08:47:57.407","Bogisich","27","Neil Blick","687","true","false","winston.ritchie@yahoo.com","219646","","","2022-08-07 08:29:00.498","43","2022-08-07 20:37:40.775"
"user:read","","","","2022-09-16 10:05:43.497","Buckridge","20","Miss Harvey Abernathy","688","true","true","tashina.fadel@gmail.com","182461","","","2022-08-24 23:10:23.567","7","2022-08-24 15:37:05.694"
"user:read","","","","2022-08-28 04:36:04.867","Crooks","38","Vikki Dickinson","689","false","true","dion.pacocha@gmail.com","83531","","","2022-08-11 18:15:50.941","19","2022-07-11 17:39:37.165"
"user:read","","","","2022-10-10 11:25:25.002","McClure","31","Katharyn Goyette MD","690","false","false","kieth.murphy@gmail.com","360084","","","2022-08-19 00:58:01.129","24","2022-07-17 19:45:48.199"
"user:read","","","","2022-08-27 11:49:17.755","Schoen","23","Mr. Tyrell Crist","691","true","false","stephanie.schneider@gmail.com","12955","","","2022-08-25 03:11:48.079","18","2022-08-18 06:22:16.302"
"user:read","","","","2022-09-07 16:42:15.849","Littel","42","Eddy Durgan DVM","692","false","true","caterina.emmerich@hotmail.com","381422","","","2022-08-05 14:46:54.101","48","2022-08-09 06:45:12.59"
"user:read","","","","2022-09-09 05:50:19.097","Feeney","33","Tom Kilback","693","false","false","shonta.nienow@yahoo.com","155725","","","2022-07-24 18:49:04.581","35","2022-08-07 11:43:53.415"
"user:read","","","","2022-11-19 04:44:44.706","McClure","19","Elease Kozey","694","true","false","arlen.russel@yahoo.com","256335","","","2022-08-25 03:21:46.083","31","2022-08-25 08:53:14.479"
"user:read","","","","2022-10-27 01:28:23.166","Murazik","32","Luciana Schaden DVM","695","false","false","junior.kutch@yahoo.com","243910","","","2022-08-21 23:28:49.97","2","2022-08-02 02:33:46.059"
"user:read","","","","2022-10-16 07:00:06.428","Sauer","31","Bryant Gerhold","696","true","false","krystyna.roberts@gmail.com","443607","","","2022-07-25 16:21:59.313","23","2022-08-11 17:32:33.857"
"user:read","","","","2022-11-23 03:36:03.712","Wintheiser","46","Katrina Nitzsche","697","true","false","isidro.bednar@hotmail.com","39613","","","2022-08-25 03:23:33.166","17","2022-07-09 17:41:55.395"
"user:read","","","","2022-09-21 15:46:24.34","West","49","Ocie Mante Jr.","698","false","false","agustin.weimann@gmail.com","138812","","","2022-08-10 04:56:53.584","40","2022-08-24 14:39:23.257"
"user:read","","","","2022-11-03 05:55:28.103","Frami","23","Amber Heidenreich","699","false","false","edgar.shanahan@yahoo.com","471468","","","2022-07-27 09:30:17.254","18","2022-08-24 11:03:19.512"
"user:read","","","","2022-09-24 19:59:36.508","Bashirian","14","Napoleon Abbott V","700","false","false","donette.moore@gmail.com","161166","","","2022-08-25 03:40:50.59","20","2022-08-25 18:47:42.271"
"user:read","","","","2022-11-08 05:21:44.796","Jenkins","38","Kelli Corwin","701","true","false","jackie.bailey@yahoo.com","171175","","","2022-08-13 14:12:44.217","42","2022-08-17 01:26:05.942"
"user:read","","","","2022-09-18 17:07:13.732","Buckridge","11","Shirley Kassulke","702","true","false","ronnie.reichert@gmail.com","64886","","","2022-08-21 13:15:57.307","40","2022-08-15 17:24:41.952"
"user:read","","","","2022-09-02 01:20:27.309","Gibson","33","Susannah Muller III","703","false","true","fletcher.thiel@hotmail.com","171005","","","2022-08-17 10:23:25.562","32","2022-08-22 04:04:38.56"
"user:read","","","","2022-08-30 10:35:52.576","Wehner","8","Miki Langworth II","704","false","true","bonny.armstrong@hotmail.com","424759","","","2022-08-26 01:21:57.593","16","2022-08-07 23:09:49.13"
"user:read","","","","2022-09-22 07:55:01.811","Jerde","6","Kory Yundt","705","true","true","penny.stokes@hotmail.com","300822","","","2022-08-25 09:33:02.175","5","2022-08-21 11:22:45.772"
"user:read","","","","2022-09-03 00:45:19.68","Waters","23","Mr. Jewell Ferry","706","false","false","dyan.lemke@gmail.com","84027","","","2022-07-25 02:23:58.78","5","2022-08-06 15:51:56.529"
"user:read","","","","2022-09-28 15:20:41.581","Langosh","23","Miss Alline Blick","707","true","true","effie.schoen@yahoo.com","225764","","","2022-08-16 13:30:02.214","36","2022-08-20 22:38:00.586"
"user:read","","","","2022-10-30 19:16:03.253","Hintz","42","Stanford Yundt V","708","false","false","imelda.hoeger@yahoo.com","102224","","","2022-08-21 19:44:26.043","44","2022-08-19 01:50:03.512"
"user:read","","","","2022-09-13 09:56:11.653","Johnson","16","Rosemary Adams V","709","true","false","calvin.monahan@gmail.com","85236","","","2022-08-20 08:12:38.097","48","2022-08-24 06:59:19.68"
"user:read","","","","2022-10-09 04:44:11.037","Hessel","13","Alesia Erdman","710","true","true","alvaro.schaefer@gmail.com","410359","","","2022-07-17 20:30:46.402","31","2022-07-29 21:38:14.307"
"user:read","","","","2022-09-30 14:41:44.7","Mante","21","Raven Schaden IV","711","true","true","clair.senger@hotmail.com","493322","","","2022-08-26 02:58:03.315","39","2022-08-15 17:38:11.765"
